DateTime,Open,High,Low,Close,Volume
1556280000000.0,0.00263,0.01052,0.00263,0.0063,1429346565.0
1556294400000.0,0.0063,0.0063,0.00481,0.00495,595267605.9
1556308800000.0,0.00496,0.00581,0.00486,0.00545,227199162.8
1556323200000.0,0.00543,0.00586,0.00543,0.00553,144011944.6
1556337600000.0,0.00555,0.00557,0.00523,0.0053,76459865.9
1556352000000.0,0.00532,0.00562,0.00516,0.00553,82768184.9
1556366400000.0,0.00555,0.00557,0.0053,0.0053,70682625.6
1556380800000.0,0.00532,0.00537,0.00518,0.00531,50079138.0
1556395200000.0,0.00531,0.00532,0.0052,0.00521,16337261.0
1556409600000.0,0.00521,0.00524,0.00485,0.00498,88746499.3
1556424000000.0,0.00499,0.00508,0.00486,0.00494,37727129.8
1556438400000.0,0.00495,0.00515,0.00489,0.005,53438624.2
1556452800000.0,0.00501,0.00527,0.0047,0.00473,148190491.7
1556467200000.0,0.00473,0.00476,0.0044,0.00452,80406471.0
1556481600000.0,0.00453,0.00462,0.00434,0.00442,48674755.5
1556496000000.0,0.00442,0.00456,0.00421,0.00448,75393330.6
1556510400000.0,0.00447,0.00448,0.00423,0.00426,61183361.0
1556524800000.0,0.00427,0.0043,0.0039,0.00398,91099150.5
1556539200000.0,0.00397,0.00406,0.00373,0.00387,161213521.5
1556553600000.0,0.00386,0.00398,0.0038,0.00386,32936562.5
1556568000000.0,0.00387,0.00396,0.00343,0.00347,98731658.5
1556582400000.0,0.00346,0.00391,0.00346,0.00374,64024245.3
1556596800000.0,0.00372,0.0038,0.00361,0.0037,37759126.3
1556611200000.0,0.00371,0.0039,0.0036,0.00384,41939687.3
1556625600000.0,0.00384,0.00516,0.00383,0.00467,755856145.0
1556640000000.0,0.00468,0.00495,0.00431,0.00465,193078221.9
1556654400000.0,0.00464,0.0047,0.00435,0.00442,73049468.0
1556668800000.0,0.00442,0.00464,0.0041,0.00413,383768112.9
1556683200000.0,0.00414,0.00426,0.00407,0.00419,63695071.2
1556697600000.0,0.00418,0.0044,0.00411,0.0042,91944596.2
1556712000000.0,0.00417,0.00434,0.00402,0.00422,56340834.2
1556726400000.0,0.00423,0.0043,0.00418,0.00422,23884579.5
1556740800000.0,0.00422,0.0044,0.00411,0.00432,30797556.0
1556755200000.0,0.00432,0.00436,0.00422,0.00431,27573893.4
1556769600000.0,0.00431,0.00468,0.00428,0.00449,87659060.3
1556784000000.0,0.0045,0.00451,0.00428,0.00431,40838633.8
1556798400000.0,0.00431,0.00431,0.0041,0.00416,63349296.7
1556812800000.0,0.00418,0.00429,0.00411,0.00413,35400517.1
1556827200000.0,0.00414,0.00427,0.00413,0.00419,15297477.5
1556841600000.0,0.00419,0.00422,0.00411,0.00412,29793519.6
1556856000000.0,0.00412,0.00421,0.00394,0.00399,70558307.3
1556870400000.0,0.00397,0.00415,0.00397,0.00408,53696057.1
1556884800000.0,0.00408,0.00411,0.00403,0.00408,28634388.8
1556899200000.0,0.00407,0.0044,0.00406,0.00426,75368596.5
1556913600000.0,0.00424,0.00425,0.00415,0.00423,21214950.4
1556928000000.0,0.00423,0.00425,0.00414,0.00419,35736905.8
1556942400000.0,0.00419,0.00421,0.00407,0.00411,22928444.2
1556956800000.0,0.00411,0.00416,0.00407,0.00409,11272706.8
1556971200000.0,0.0041,0.00411,0.00381,0.00391,48462927.4
1556985600000.0,0.00391,0.00403,0.00384,0.00398,19915940.6
1557000000000.0,0.00398,0.00402,0.00391,0.00397,13119251.8
1557014400000.0,0.00396,0.00406,0.00391,0.00403,14110748.5
1557028800000.0,0.00404,0.00405,0.0039,0.0039,18409390.2
1557043200000.0,0.00391,0.00392,0.00369,0.00385,39014956.8
1557057600000.0,0.00386,0.00387,0.00374,0.00376,27655664.8
1557072000000.0,0.00376,0.0038,0.00359,0.00372,44830684.4
1557086400000.0,0.00372,0.00376,0.00369,0.00372,17336186.1
1557100800000.0,0.00371,0.00382,0.0035,0.00353,64423580.2
1557115200000.0,0.00354,0.00363,0.00352,0.00354,30326440.6
1557129600000.0,0.00354,0.00372,0.00353,0.00366,34413487.0
1557144000000.0,0.00366,0.00372,0.00358,0.00369,23507983.6
1557158400000.0,0.00367,0.00391,0.00367,0.00385,69045293.4
1557172800000.0,0.00384,0.00392,0.00368,0.00373,48978811.6
1557187200000.0,0.00374,0.00385,0.00366,0.00382,37807205.2
1557201600000.0,0.00383,0.00383,0.00372,0.00375,21311095.8
1557216000000.0,0.00375,0.00375,0.0037,0.00371,12133675.8
1557230400000.0,0.00373,0.00375,0.00357,0.00364,46989232.7
1557244800000.0,0.00363,0.00365,0.00348,0.00351,20538839.8
1557259200000.0,0.00351,0.00364,0.00333,0.00336,34154655.6
1557273600000.0,0.00335,0.00343,0.00328,0.00338,42551566.6
1557288000000.0,0.00338,0.00341,0.00336,0.00337,17750832.5
1557302400000.0,0.00338,0.00343,0.0033,0.00332,32609267.0
1557316800000.0,0.00331,0.00341,0.00331,0.00337,15376701.2
1557331200000.0,0.00338,0.00343,0.00333,0.00341,19219118.2
1557345600000.0,0.00341,0.00348,0.0033,0.00333,26720489.1
1557360000000.0,0.00336,0.00341,0.00322,0.0033,45842990.3
1557374400000.0,0.0033,0.00332,0.00317,0.00317,25170470.0
1557388800000.0,0.00317,0.00321,0.00314,0.00317,18630008.3
1557403200000.0,0.00317,0.0033,0.00315,0.00316,35301818.0
1557417600000.0,0.00316,0.00319,0.00304,0.00309,42418447.6
1557432000000.0,0.00309,0.0032,0.00303,0.00314,44465517.7
1557446400000.0,0.00313,0.00339,0.00312,0.0032,42151367.5
1557460800000.0,0.00318,0.0038,0.00316,0.00344,162634227.2
1557475200000.0,0.00345,0.0036,0.00341,0.0035,64465023.3
1557489600000.0,0.0035,0.00357,0.00342,0.00356,41843869.8
1557504000000.0,0.00355,0.0037,0.00346,0.00352,40773258.4
1557518400000.0,0.00352,0.00388,0.00345,0.00378,56835999.4
1557532800000.0,0.00379,0.00395,0.00371,0.00385,64970303.6
1557547200000.0,0.00386,0.00409,0.00385,0.00407,81789413.9
1557561600000.0,0.00407,0.00408,0.0039,0.00395,37395423.4
1557576000000.0,0.00395,0.00477,0.00391,0.00468,214624667.0
1557590400000.0,0.00465,0.00505,0.00444,0.00474,158787041.6
1557604800000.0,0.00475,0.00483,0.00454,0.0046,130683118.3
1557619200000.0,0.00462,0.00484,0.00444,0.00479,94780800.3
1557633600000.0,0.00477,0.00568,0.00475,0.00564,187632108.0
1557648000000.0,0.00565,0.00572,0.00494,0.00507,301773858.9
1557662400000.0,0.00505,0.00544,0.00472,0.00482,197411480.5
1557676800000.0,0.00485,0.00562,0.00485,0.00553,267841414.0
1557691200000.0,0.00553,0.00558,0.00509,0.0053,117123091.2
1557705600000.0,0.00529,0.00614,0.00516,0.00592,228696410.2
1557720000000.0,0.00591,0.0066,0.00585,0.00628,216130068.4
1557734400000.0,0.00628,0.0066,0.00613,0.0062,171775412.1
1557748800000.0,0.00621,0.00765,0.00615,0.00759,446694199.5
1557763200000.0,0.00756,0.0092,0.00715,0.0076,1212571315.8
1557777600000.0,0.0076,0.00894,0.00755,0.00868,601442440.1
1557792000000.0,0.00864,0.01069,0.0084,0.00929,969428945.4
1557806400000.0,0.00927,0.01047,0.00907,0.01022,439547601.1
1557820800000.0,0.01025,0.01037,0.00916,0.00959,359021746.1
1557835200000.0,0.0096,0.0112,0.00856,0.00889,848249512.1
1557849600000.0,0.0089,0.00927,0.0081,0.00836,779607741.6
1557864000000.0,0.00836,0.00876,0.00718,0.0078,465608798.8
1557878400000.0,0.00777,0.00818,0.00705,0.00759,341791071.7
1557921600000.0,0.00759,0.01,0.00759,0.00871,672326844.0
1557936000000.0,0.00871,0.00999,0.00871,0.0094,595900897.8
1557950400000.0,0.00941,0.00979,0.00926,0.00956,193254200.7
1557964800000.0,0.00957,0.00957,0.00875,0.00914,289518753.8
1557979200000.0,0.00913,0.0095,0.00826,0.00938,245248077.8
1557993600000.0,0.0094,0.0095,0.00855,0.00884,184799191.6
1558008000000.0,0.00889,0.00982,0.00869,0.00963,257281742.4
1558022400000.0,0.00963,0.01173,0.00945,0.01109,566754010.3
1558036800000.0,0.01109,0.01205,0.01063,0.01087,615333251.3
1558051200000.0,0.01086,0.01186,0.00921,0.01175,707532203.8
1558065600000.0,0.01177,0.01414,0.01176,0.0133,1215972292.2
1558080000000.0,0.01332,0.0148,0.01174,0.01202,688936911.7
1558094400000.0,0.012,0.01427,0.0113,0.01425,713260475.3
1558108800000.0,0.01425,0.01498,0.01302,0.01357,717262419.7
1558123200000.0,0.01356,0.01507,0.01348,0.01455,354298052.9
1558137600000.0,0.01456,0.01489,0.01352,0.01387,178819244.1
1558152000000.0,0.01386,0.01386,0.01205,0.0124,616439827.3
1558166400000.0,0.0124,0.01424,0.0123,0.01385,286611300.4
1558180800000.0,0.01385,0.0141,0.0128,0.01308,230054846.0
1558195200000.0,0.01308,0.0132,0.0126,0.01278,166017928.0
1558209600000.0,0.01278,0.0129,0.0121,0.01235,192972752.0
1558224000000.0,0.01235,0.014,0.01226,0.01393,380142244.1
1558238400000.0,0.01392,0.01785,0.01392,0.01683,825769664.2
1558252800000.0,0.01681,0.0193,0.01658,0.01875,427309005.4
1558267200000.0,0.01876,0.01964,0.01774,0.01921,433487378.6
1558281600000.0,0.0192,0.01963,0.0171,0.01858,466491684.6
1558296000000.0,0.01861,0.02069,0.0181,0.02018,376633115.7
1558310400000.0,0.02016,0.0228,0.01833,0.02092,924615665.5
1558324800000.0,0.02093,0.02264,0.0207,0.0212,379956540.6
1558339200000.0,0.0212,0.02229,0.02071,0.02185,258726613.1
1558353600000.0,0.02183,0.0255,0.0197,0.02536,797535049.7
1558368000000.0,0.0254,0.035,0.02428,0.03,1864929225.7
1558382400000.0,0.03004,0.03323,0.02875,0.0295,733822921.4
1558396800000.0,0.02937,0.0435,0.02931,0.0426,1071317560.3
1558411200000.0,0.04262,0.045,0.03436,0.03572,1453653479.2
1558425600000.0,0.03572,0.04275,0.03443,0.042,799331714.9
1558440000000.0,0.042,0.0434,0.03656,0.03791,845591378.2
1558454400000.0,0.03795,0.04025,0.0255,0.0275,1866230957.7
1558468800000.0,0.02751,0.03295,0.02438,0.02953,1180071055.6
1558483200000.0,0.0295,0.0317,0.02446,0.02771,897936938.4
1558497600000.0,0.02769,0.02849,0.02294,0.02314,636700188.8
1558512000000.0,0.02313,0.02661,0.02261,0.02427,694335730.0
1558526400000.0,0.0243,0.02489,0.0205,0.0218,706357154.7
1558540800000.0,0.02185,0.02534,0.02055,0.02408,810970415.6
1558555200000.0,0.02407,0.0244,0.0207,0.02209,665172102.4
1558569600000.0,0.02215,0.03,0.02143,0.02899,1213271712.0
1558584000000.0,0.0289,0.03401,0.02645,0.031,1382980005.5
1558598400000.0,0.031,0.03266,0.02573,0.02618,1093941162.7
1558612800000.0,0.02623,0.0298,0.02492,0.029,1024850329.1
1558627200000.0,0.02894,0.0305,0.02752,0.02913,525497755.0
1558641600000.0,0.02913,0.03027,0.02632,0.02739,501810008.0
1558656000000.0,0.02736,0.0287,0.02505,0.02584,500969159.8
1558670400000.0,0.02584,0.02619,0.02368,0.02478,377322334.7
1558684800000.0,0.02475,0.02761,0.02403,0.02657,414536459.8
1558699200000.0,0.02658,0.02665,0.02265,0.0236,466671603.4
1558713600000.0,0.02361,0.02539,0.02292,0.02454,375175811.8
1558728000000.0,0.02455,0.0265,0.02404,0.02529,305141296.9
1558742400000.0,0.02527,0.02625,0.02302,0.02366,273729236.7
1558756800000.0,0.02366,0.0248,0.02316,0.02365,150279162.1
1558771200000.0,0.02371,0.02524,0.02329,0.02395,221549276.7
1558785600000.0,0.02396,0.02835,0.02391,0.02723,696948151.1
1558800000000.0,0.02724,0.02807,0.02507,0.02559,480985617.9
1558814400000.0,0.02565,0.02689,0.02442,0.02475,269295934.1
1558828800000.0,0.02482,0.02655,0.0245,0.0254,244977857.5
1558843200000.0,0.02544,0.02725,0.0253,0.02634,222833011.5
1558857600000.0,0.02635,0.02689,0.02504,0.02553,197120122.0
1558872000000.0,0.02555,0.02635,0.02525,0.02575,122537693.3
1558886400000.0,0.02575,0.02575,0.02312,0.02374,278563347.7
1558900800000.0,0.02378,0.02489,0.02305,0.02419,242569507.2
1558915200000.0,0.02417,0.02478,0.02361,0.02411,111039981.8
1558929600000.0,0.02415,0.0246,0.02335,0.02373,105044828.6
1558944000000.0,0.02368,0.02422,0.02363,0.02395,71245124.5
1558958400000.0,0.02396,0.024,0.02076,0.02139,370084718.6
1558972800000.0,0.02145,0.0235,0.02101,0.02178,371303741.7
1558987200000.0,0.02179,0.02294,0.02167,0.02235,162584549.6
1559001600000.0,0.02232,0.02233,0.02102,0.02106,148511839.2
1559016000000.0,0.02106,0.022,0.02106,0.02162,123698421.4
1559030400000.0,0.02162,0.02319,0.02159,0.02236,202723554.6
1559044800000.0,0.02235,0.0254,0.02216,0.02376,659194711.1
1559059200000.0,0.02376,0.02395,0.02271,0.0237,245353050.8
1559073600000.0,0.02367,0.02388,0.0228,0.0238,148438059.5
1559088000000.0,0.02379,0.02487,0.02321,0.02377,232897120.5
1559102400000.0,0.02377,0.02393,0.02207,0.02307,190830881.9
1559116800000.0,0.02307,0.02352,0.02281,0.02319,98000301.5
1559131200000.0,0.02319,0.02371,0.02225,0.0226,199133416.8
1559145600000.0,0.02259,0.0227,0.0223,0.02253,65567210.9
1559160000000.0,0.02254,0.0229,0.02207,0.02212,74526517.0
1559174400000.0,0.02213,0.02227,0.02158,0.02195,117477567.3
1559188800000.0,0.02195,0.02222,0.02158,0.0218,103925170.8
1559203200000.0,0.0218,0.0233,0.02173,0.02319,158648158.2
1559217600000.0,0.02319,0.0233,0.02206,0.02217,169329415.3
1559232000000.0,0.02217,0.02241,0.02126,0.02136,164102032.7
1559246400000.0,0.02138,0.02147,0.01824,0.01972,324108489.2
1559260800000.0,0.01972,0.0202,0.01939,0.01958,93129500.1
1559275200000.0,0.01959,0.0213,0.01959,0.02085,213091313.8
1559289600000.0,0.02086,0.021,0.01975,0.02011,78894334.9
1559304000000.0,0.02011,0.021,0.01983,0.02068,86319133.6
1559318400000.0,0.02068,0.02299,0.02024,0.02219,400826007.3
1559332800000.0,0.02218,0.02297,0.02174,0.02216,203241334.3
1559347200000.0,0.02216,0.02289,0.02108,0.02131,186681984.8
1559361600000.0,0.02132,0.02175,0.02067,0.02129,233239827.7
1559376000000.0,0.0213,0.0225,0.02075,0.02231,236374000.3
1559390400000.0,0.0223,0.0223,0.02088,0.02118,147035011.7
1559404800000.0,0.02118,0.02176,0.0211,0.02142,72916916.2
1559419200000.0,0.02141,0.02161,0.02074,0.02104,86833078.1
1559433600000.0,0.02107,0.0217,0.02096,0.02128,65487653.0
1559448000000.0,0.02129,0.02221,0.02113,0.02173,88874811.9
1559462400000.0,0.02174,0.02216,0.0216,0.02204,77648930.8
1559476800000.0,0.02204,0.0221,0.02112,0.02136,94862989.4
1559491200000.0,0.02134,0.02134,0.01966,0.02013,125038149.9
1559505600000.0,0.02012,0.02045,0.01961,0.02012,62860841.3
1559520000000.0,0.02012,0.0204,0.01986,0.01994,75734454.0
1559534400000.0,0.01997,0.02013,0.01873,0.01928,81444352.5
1559548800000.0,0.01928,0.01969,0.0191,0.01928,38155253.6
1559563200000.0,0.01933,0.01998,0.01906,0.01947,52847942.5
1559577600000.0,0.01948,0.02006,0.01929,0.01985,63569377.1
1559592000000.0,0.01985,0.02099,0.01906,0.01911,203397401.3
1559606400000.0,0.01911,0.0195,0.0178,0.0184,184644214.4
1559620800000.0,0.0184,0.01892,0.01799,0.01804,117543750.6
1559635200000.0,0.01806,0.01911,0.01806,0.01891,87850283.4
1559649600000.0,0.01891,0.02043,0.0188,0.0201,201332447.9
1559664000000.0,0.0201,0.02145,0.01856,0.02095,413725632.5
1559678400000.0,0.02096,0.02198,0.02014,0.02139,430924814.3
1559692800000.0,0.0214,0.02149,0.0202,0.02096,191089241.2
1559707200000.0,0.02096,0.02187,0.02064,0.02129,232567833.0
1559721600000.0,0.02129,0.02137,0.0206,0.02076,119715936.3
1559736000000.0,0.02077,0.02135,0.01954,0.02063,306740689.9
1559750400000.0,0.02066,0.0226,0.02001,0.02167,439022426.4
1559764800000.0,0.02167,0.02361,0.02077,0.02285,395165081.7
1559779200000.0,0.0229,0.0248,0.0225,0.02418,323521418.2
1559793600000.0,0.0242,0.02452,0.02313,0.02351,256714008.3
1559808000000.0,0.02351,0.02514,0.02337,0.02481,277982780.7
1559822400000.0,0.02483,0.02492,0.02252,0.02321,359840659.1
1559836800000.0,0.0232,0.02326,0.0215,0.02187,268263511.1
1559851200000.0,0.02186,0.02366,0.02183,0.02361,124635680.2
1559865600000.0,0.02361,0.02408,0.02263,0.02284,137103151.7
1559880000000.0,0.02286,0.02385,0.02284,0.02363,83066646.2
1559894400000.0,0.02363,0.02373,0.02231,0.0225,97806357.0
1559908800000.0,0.0225,0.02389,0.02243,0.02347,97225273.4
1559923200000.0,0.02344,0.02377,0.0229,0.02317,79899500.3
1559937600000.0,0.02311,0.02488,0.02305,0.02426,86684415.6
1559952000000.0,0.02429,0.02463,0.0237,0.02371,80075072.0
1559966400000.0,0.0237,0.0241,0.0233,0.02337,57653421.8
1559980800000.0,0.02337,0.0243,0.02337,0.02411,52869758.6
1559995200000.0,0.02411,0.026,0.02386,0.0258,225834077.7
1560009600000.0,0.02579,0.0263,0.02483,0.02578,301703882.7
1560024000000.0,0.02575,0.02662,0.0255,0.02583,173919541.2
1560038400000.0,0.02583,0.02611,0.02504,0.02574,103903679.5
1560052800000.0,0.02573,0.02721,0.02573,0.02706,131343070.8
1560067200000.0,0.02707,0.0276,0.02662,0.02729,94844085.4
1560081600000.0,0.02728,0.02733,0.02512,0.02545,294350346.2
1560096000000.0,0.02544,0.02659,0.02431,0.02659,248182827.9
1560110400000.0,0.02659,0.0266,0.02452,0.02537,164958787.0
1560124800000.0,0.02537,0.02537,0.02396,0.02499,135376317.0
1560139200000.0,0.02499,0.02535,0.02388,0.02516,115589891.5
1560153600000.0,0.02515,0.02522,0.0241,0.02472,119937767.3
1560168000000.0,0.02473,0.0265,0.02472,0.02631,179695990.5
1560182400000.0,0.02632,0.02689,0.02591,0.026,160601663.0
1560196800000.0,0.02603,0.02735,0.02562,0.02698,149953545.1
1560211200000.0,0.02701,0.02706,0.0255,0.02584,80464257.7
1560225600000.0,0.02583,0.02588,0.025,0.0252,80320209.3
1560240000000.0,0.0252,0.0257,0.02428,0.02448,129450548.1
1560254400000.0,0.02449,0.0253,0.02422,0.02425,104948314.5
1560268800000.0,0.02425,0.02484,0.02381,0.02423,123522613.9
1560283200000.0,0.02426,0.02464,0.02332,0.0239,134277025.2
1560297600000.0,0.0239,0.02391,0.02281,0.02321,145339078.7
1560312000000.0,0.02318,0.02392,0.02314,0.02345,74693610.4
1560326400000.0,0.0234,0.02384,0.0232,0.02356,56582222.8
1560340800000.0,0.0236,0.02525,0.02325,0.02457,220403910.1
1560355200000.0,0.02461,0.02477,0.02411,0.0243,66635488.0
1560369600000.0,0.0243,0.02431,0.02286,0.02305,116687672.3
1560384000000.0,0.02304,0.02324,0.02252,0.02308,149530182.2
1560398400000.0,0.02307,0.0232,0.02273,0.02284,119184444.9
1560412800000.0,0.02284,0.02301,0.02233,0.0227,116471241.8
1560427200000.0,0.02271,0.02366,0.0225,0.02332,177868352.6
1560441600000.0,0.02332,0.02475,0.02221,0.02358,356850199.3
1560456000000.0,0.02352,0.0242,0.02255,0.0231,210518710.7
1560470400000.0,0.02314,0.0233,0.02255,0.02275,74659993.8
1560484800000.0,0.02277,0.02329,0.02258,0.02287,40072520.4
1560499200000.0,0.02287,0.023,0.021,0.0211,111753635.8
1560513600000.0,0.02109,0.02164,0.01983,0.01996,166772694.2
1560528000000.0,0.01993,0.02089,0.019,0.02008,204067123.2
1560542400000.0,0.02012,0.02066,0.01994,0.02055,60837337.9
1560556800000.0,0.02053,0.02144,0.02053,0.02129,61703684.5
1560571200000.0,0.0213,0.02139,0.0206,0.02087,43148374.6
1560585600000.0,0.02087,0.02162,0.02084,0.02149,72565790.9
1560600000000.0,0.02148,0.02295,0.02124,0.02164,239466106.0
1560614400000.0,0.02169,0.02225,0.02135,0.02222,114150834.5
1560628800000.0,0.02221,0.02265,0.02137,0.02179,128319083.9
1560643200000.0,0.02179,0.02192,0.0209,0.02111,115886678.0
1560657600000.0,0.02113,0.0215,0.02063,0.02139,110174118.4
1560672000000.0,0.02138,0.02177,0.0208,0.02153,90820632.0
1560686400000.0,0.02154,0.02173,0.02113,0.02155,87090728.8
1560700800000.0,0.02155,0.02274,0.0212,0.02239,164017241.9
1560715200000.0,0.02238,0.0228,0.02179,0.0224,80978390.3
1560729600000.0,0.02239,0.02334,0.02222,0.02334,96761064.9
1560744000000.0,0.02334,0.02385,0.02285,0.02306,78988996.4
1560758400000.0,0.02308,0.02363,0.02229,0.02251,69297726.4
1560772800000.0,0.02251,0.02289,0.02185,0.02222,91768588.1
1560787200000.0,0.02227,0.02237,0.02195,0.02214,48654691.5
1560801600000.0,0.02214,0.02214,0.02122,0.02175,181601754.1
1560816000000.0,0.02175,0.02231,0.02169,0.02202,65141356.4
1560830400000.0,0.02205,0.02226,0.02136,0.02166,39734483.0
1560844800000.0,0.02172,0.02185,0.0214,0.02141,25134334.3
1560859200000.0,0.02141,0.02203,0.02122,0.02169,43880098.5
1560873600000.0,0.02168,0.02289,0.02159,0.02246,252904389.4
1560888000000.0,0.02248,0.02278,0.0221,0.02247,223548663.7
1560902400000.0,0.02249,0.02299,0.02233,0.02284,181217013.3
1560916800000.0,0.02285,0.02306,0.02251,0.02289,198510062.1
1560931200000.0,0.02286,0.02358,0.02278,0.02358,255853372.3
1560945600000.0,0.02358,0.02429,0.0231,0.02378,305303113.4
1560960000000.0,0.02377,0.0244,0.02339,0.02377,175191750.8
1560974400000.0,0.02379,0.02398,0.0228,0.02309,154589564.7
1560988800000.0,0.02307,0.02355,0.02276,0.0229,96918393.3
1561003200000.0,0.0229,0.02327,0.02278,0.023,66192534.8
1561017600000.0,0.023,0.02376,0.02271,0.02295,116418774.6
1561032000000.0,0.02298,0.02315,0.02182,0.02213,159131396.8
1561046400000.0,0.02205,0.0228,0.02178,0.02208,112839744.5
1561060800000.0,0.02209,0.02274,0.02207,0.02241,133209641.3
1561075200000.0,0.02242,0.02276,0.02227,0.02262,136615025.7
1561089600000.0,0.02261,0.02343,0.02251,0.02289,157245156.1
1561104000000.0,0.0229,0.02298,0.02213,0.02247,131031263.1
1561118400000.0,0.02241,0.02278,0.0219,0.02194,204388107.5
1561132800000.0,0.02196,0.02209,0.02125,0.02147,190513933.2
1561147200000.0,0.02147,0.02183,0.02061,0.021,181665972.0
1561161600000.0,0.02103,0.02225,0.0205,0.0221,293374399.1
1561176000000.0,0.02208,0.02245,0.02141,0.0219,187010416.5
1561190400000.0,0.02189,0.02201,0.02105,0.02138,162365572.1
1561204800000.0,0.02135,0.02235,0.0207,0.02177,259880851.3
1561219200000.0,0.02175,0.0225,0.02129,0.02209,184781609.3
1561233600000.0,0.02212,0.02276,0.02152,0.02194,152529710.7
1561248000000.0,0.02193,0.02226,0.0215,0.02198,203806546.3
1561262400000.0,0.02198,0.0223,0.02174,0.0221,103916818.3
1561276800000.0,0.0221,0.02238,0.0219,0.02196,126535837.2
1561291200000.0,0.02198,0.02199,0.02144,0.0216,160841577.6
1561305600000.0,0.02159,0.02173,0.02086,0.02126,161457215.6
1561320000000.0,0.02126,0.02148,0.02078,0.02104,185861644.9
1561334400000.0,0.02104,0.0215,0.021,0.0214,128055908.0
1561348800000.0,0.02139,0.02169,0.0211,0.0211,19895445.0
1561363200000.0,0.0211,0.0212,0.02081,0.02093,23390814.0
1561377600000.0,0.02095,0.02132,0.02091,0.02112,34821172.2
1561392000000.0,0.02115,0.02117,0.02,0.02058,65360827.9
1561406400000.0,0.02063,0.02081,0.02049,0.02072,18734435.5
1561420800000.0,0.02072,0.02072,0.01953,0.01954,70114068.1
1561435200000.0,0.01954,0.01998,0.01933,0.0199,92217012.1
1561449600000.0,0.01991,0.02011,0.01945,0.01962,50346559.1
1561464000000.0,0.01962,0.0202,0.0195,0.01984,52737872.2
1561478400000.0,0.01987,0.01991,0.01935,0.01957,47018657.8
1561492800000.0,0.01961,0.01979,0.01903,0.0192,52039537.0
1561507200000.0,0.0192,0.0195,0.01885,0.01895,61118601.5
1561521600000.0,0.01895,0.01895,0.01756,0.0183,189190420.2
1561536000000.0,0.01831,0.01908,0.0182,0.01856,70084155.1
1561550400000.0,0.01856,0.01891,0.01775,0.01802,96992054.9
1561564800000.0,0.01802,0.01823,0.01639,0.01693,228343798.9
1561579200000.0,0.01695,0.01883,0.0168,0.01795,180840762.7
1561593600000.0,0.01788,0.01867,0.01723,0.01838,95757652.8
1561608000000.0,0.01839,0.02098,0.01792,0.02069,245319457.6
1561622400000.0,0.02069,0.02069,0.01917,0.01932,138684087.9
1561636800000.0,0.01933,0.02152,0.01906,0.0215,159536849.2
1561651200000.0,0.0215,0.02168,0.0191,0.01996,209146367.7
1561665600000.0,0.01996,0.02002,0.01871,0.01942,104454840.2
1561680000000.0,0.01948,0.02012,0.01914,0.01956,72330511.5
1561694400000.0,0.01959,0.0208,0.01951,0.01971,76457678.8
1561708800000.0,0.01971,0.02014,0.0193,0.0196,65760316.8
1561723200000.0,0.01962,0.02116,0.01947,0.02016,122876725.8
1561737600000.0,0.02015,0.0205,0.01919,0.01945,95556154.2
1561752000000.0,0.01952,0.0198,0.01905,0.0192,57053326.6
1561766400000.0,0.01925,0.01992,0.01922,0.01956,57656370.9
1561780800000.0,0.01957,0.02047,0.01933,0.01992,61008536.2
1561795200000.0,0.01992,0.02067,0.01967,0.02057,79530168.9
1561809600000.0,0.0205,0.02556,0.0199,0.02355,392880081.1
1561824000000.0,0.02358,0.02656,0.02287,0.02494,484214727.3
1561838400000.0,0.02495,0.025,0.02336,0.02412,215673623.6
1561852800000.0,0.02407,0.02597,0.02374,0.02437,198866787.6
1561867200000.0,0.02437,0.02539,0.02357,0.02517,117790077.4
1561881600000.0,0.02519,0.0269,0.0245,0.02564,268475638.4
1561896000000.0,0.02567,0.02597,0.0235,0.02381,188365123.0
1561910400000.0,0.0238,0.02419,0.02291,0.0236,141044611.6
1561924800000.0,0.02358,0.02359,0.02201,0.02217,104077139.2
1561939200000.0,0.02218,0.02308,0.02207,0.02284,62833321.1
1561953600000.0,0.02282,0.02301,0.02132,0.02175,87626590.8
1561968000000.0,0.02175,0.02271,0.02135,0.02267,68308642.9
1561982400000.0,0.02272,0.02313,0.02009,0.021,155045191.0
1561996800000.0,0.02099,0.02188,0.02087,0.02136,92424949.5
1562011200000.0,0.02138,0.02274,0.02113,0.02238,83195214.8
1562025600000.0,0.02238,0.02265,0.02145,0.0222,41510582.6
1562040000000.0,0.02215,0.02224,0.0199,0.02015,96908838.1
1562054400000.0,0.02014,0.02062,0.01978,0.02016,69400483.4
1562068800000.0,0.02012,0.02075,0.02002,0.02072,63907035.0
1562083200000.0,0.02071,0.02085,0.01961,0.02008,85140387.2
1562097600000.0,0.02009,0.02021,0.01952,0.02002,37264883.9
1562112000000.0,0.01998,0.02008,0.01857,0.01958,95681701.9
1562126400000.0,0.0196,0.02041,0.01941,0.02015,43965823.9
1562140800000.0,0.02015,0.0203,0.0195,0.01965,43916722.6
1562155200000.0,0.01966,0.0204,0.01942,0.01983,91242599.3
1562169600000.0,0.01979,0.0199,0.0196,0.01964,21860460.2
1562184000000.0,0.01964,0.02035,0.01878,0.0193,105903692.1
1562198400000.0,0.01926,0.0193,0.0186,0.01861,47762155.6
1562212800000.0,0.01862,0.01902,0.01704,0.01706,108179592.9
1562227200000.0,0.01706,0.01892,0.017,0.01814,111700105.3
1562241600000.0,0.01814,0.01852,0.01766,0.01801,44606706.4
1562256000000.0,0.01801,0.01847,0.01791,0.01814,28911373.9
1562270400000.0,0.01813,0.01883,0.0179,0.01797,37185990.8
1562284800000.0,0.01797,0.01875,0.0178,0.01849,37010287.4
1562299200000.0,0.01849,0.01958,0.018,0.0189,72368835.2
1562313600000.0,0.01891,0.01912,0.01808,0.01835,54251296.7
1562328000000.0,0.01835,0.01854,0.01771,0.01793,39371551.6
1562342400000.0,0.01792,0.01837,0.0176,0.01824,21008075.2
1562356800000.0,0.01828,0.01854,0.01791,0.01811,21901781.0
1562371200000.0,0.01811,0.01844,0.01795,0.01807,11323149.8
1562385600000.0,0.01809,0.01818,0.01774,0.01787,18174166.2
1562400000000.0,0.01788,0.01807,0.0178,0.01791,13652029.4
1562414400000.0,0.01788,0.01822,0.01776,0.01785,24548755.6
1562428800000.0,0.01789,0.01794,0.01761,0.01765,19587135.2
1562443200000.0,0.0177,0.01798,0.0175,0.01768,14241439.4
1562457600000.0,0.01768,0.01774,0.01754,0.01762,6460245.7
1562472000000.0,0.01766,0.01785,0.01754,0.01784,8487774.3
1562486400000.0,0.01785,0.0184,0.01771,0.01801,42514493.4
1562500800000.0,0.01806,0.01811,0.01766,0.01773,21342712.7
1562515200000.0,0.01773,0.01789,0.01761,0.0177,13825258.8
1562529600000.0,0.01773,0.01782,0.01712,0.01759,46030087.2
1562544000000.0,0.01761,0.01767,0.01732,0.01745,10650279.2
1562558400000.0,0.01742,0.01762,0.01721,0.01727,25582113.3
1562572800000.0,0.01728,0.01736,0.01651,0.0167,83193368.2
1562587200000.0,0.01674,0.01754,0.0167,0.01745,40954690.2
1562601600000.0,0.0175,0.01753,0.0165,0.0169,27974978.8
1562616000000.0,0.01689,0.01717,0.0165,0.01664,31241027.9
1562630400000.0,0.01664,0.01675,0.0161,0.01635,40338832.7
1562644800000.0,0.01636,0.01669,0.01584,0.01655,35960543.2
1562659200000.0,0.01655,0.0166,0.01591,0.01639,29956893.3
1562673600000.0,0.01641,0.0165,0.01505,0.01572,53040847.5
1562688000000.0,0.01572,0.01722,0.01536,0.01642,113483331.3
1562702400000.0,0.01643,0.01683,0.01571,0.01622,36515386.9
1562716800000.0,0.01622,0.01626,0.01538,0.01577,36114613.5
1562731200000.0,0.01575,0.0158,0.01538,0.01578,13105563.8
1562745600000.0,0.01578,0.01582,0.01502,0.01532,27988485.8
1562760000000.0,0.01532,0.01575,0.01477,0.01491,79265945.1
1562774400000.0,0.01492,0.01748,0.0148,0.0167,204950965.7
1562788800000.0,0.0167,0.01714,0.01586,0.0161,75949466.4
1562803200000.0,0.01612,0.01687,0.01607,0.01663,44730076.2
1562817600000.0,0.01661,0.01684,0.0152,0.01565,53638632.2
1562832000000.0,0.01563,0.01568,0.01481,0.01487,35338864.9
1562846400000.0,0.01487,0.01545,0.01435,0.01478,76771066.9
1562860800000.0,0.01478,0.01535,0.01456,0.01478,27042611.1
1562875200000.0,0.01474,0.01497,0.01418,0.01442,27039867.3
1562889600000.0,0.01443,0.0145,0.01409,0.01427,19157138.6
1562904000000.0,0.01427,0.01497,0.01422,0.01488,20259425.4
1562918400000.0,0.01486,0.01564,0.01475,0.01525,40734895.7
1562932800000.0,0.01527,0.01605,0.01524,0.01595,56146351.7
1562947200000.0,0.01597,0.0165,0.01587,0.01616,60874746.0
1562961600000.0,0.01616,0.01632,0.01533,0.0157,51105558.7
1562976000000.0,0.0157,0.01577,0.01515,0.01552,26086542.2
1562990400000.0,0.01552,0.01744,0.01532,0.01693,97659152.3
1563004800000.0,0.01695,0.01778,0.01635,0.01652,92795410.3
1563019200000.0,0.01656,0.01733,0.01642,0.01682,42568544.1
1563033600000.0,0.01682,0.01701,0.01585,0.01607,85847185.1
1563048000000.0,0.01604,0.01679,0.01525,0.01662,88165586.4
1563062400000.0,0.01664,0.01745,0.01628,0.01698,78993068.8
1563076800000.0,0.01698,0.01703,0.01618,0.0162,33425885.1
1563091200000.0,0.01618,0.01636,0.01472,0.01488,77690108.8
1563105600000.0,0.01489,0.01542,0.01471,0.01478,42531494.4
1563120000000.0,0.01478,0.01523,0.01474,0.01484,23386576.2
1563134400000.0,0.01484,0.01506,0.01417,0.01431,40918635.4
1563148800000.0,0.01431,0.01432,0.01288,0.01356,59611720.9
1563163200000.0,0.0136,0.01401,0.0134,0.01397,21344747.9
1563177600000.0,0.01402,0.01414,0.01381,0.01391,22435638.3
1563192000000.0,0.01391,0.01435,0.01335,0.0142,34855286.9
1563206400000.0,0.01427,0.01429,0.01361,0.01386,38604655.1
1563220800000.0,0.01397,0.01411,0.01371,0.01386,18584618.0
1563235200000.0,0.01385,0.01412,0.01372,0.01394,11982878.5
1563249600000.0,0.01395,0.01459,0.01378,0.01413,33049451.9
1563264000000.0,0.01413,0.01416,0.01383,0.01393,11315337.6
1563278400000.0,0.01394,0.01395,0.01332,0.01348,25385074.9
1563292800000.0,0.01352,0.01353,0.01208,0.01263,142788061.2
1563307200000.0,0.01264,0.0128,0.0118,0.01206,34067163.6
1563321600000.0,0.01202,0.01233,0.01163,0.01193,19003105.6
1563336000000.0,0.01193,0.01232,0.01182,0.0122,16496519.6
1563350400000.0,0.0122,0.01248,0.01165,0.01189,27289250.5
1563364800000.0,0.01182,0.0134,0.01176,0.01305,71816173.0
1563379200000.0,0.01304,0.014,0.01284,0.01341,87206428.5
1563393600000.0,0.01343,0.01363,0.01305,0.01316,30639505.9
1563408000000.0,0.01314,0.0135,0.01302,0.01315,15139288.3
1563422400000.0,0.01314,0.01425,0.01314,0.01417,40518074.9
1563436800000.0,0.01417,0.01419,0.0136,0.01375,22374359.4
1563451200000.0,0.01375,0.0138,0.0125,0.01363,97112170.4
1563465600000.0,0.01362,0.0138,0.01332,0.01343,32427751.1
1563480000000.0,0.0134,0.01382,0.0134,0.01362,17307735.2
1563494400000.0,0.01365,0.0138,0.01346,0.0135,19122532.4
1563508800000.0,0.01351,0.01392,0.01318,0.01383,19700174.3
1563523200000.0,0.01384,0.01391,0.01322,0.0135,15575462.7
1563537600000.0,0.0135,0.01375,0.01317,0.01342,11003035.3
1563552000000.0,0.01344,0.01354,0.01335,0.01342,9053265.9
1563566400000.0,0.01346,0.0135,0.01329,0.01337,7894799.4
1563580800000.0,0.01343,0.0139,0.01322,0.01385,22411245.3
1563595200000.0,0.01385,0.01399,0.01365,0.01374,16752255.6
1563609600000.0,0.01374,0.01387,0.01361,0.01379,9546688.9
1563624000000.0,0.01378,0.01387,0.0136,0.01374,6960238.0
1563638400000.0,0.01374,0.01424,0.01372,0.01424,25425584.5
1563652800000.0,0.01421,0.01448,0.01385,0.0139,23896989.8
1563667200000.0,0.01395,0.01409,0.01373,0.0139,7796892.9
1563681600000.0,0.0139,0.01399,0.01381,0.01399,5935812.6
1563696000000.0,0.01398,0.01399,0.0137,0.01379,8249769.9
1563710400000.0,0.01379,0.01384,0.01334,0.01355,13077288.2
1563724800000.0,0.01354,0.01354,0.0131,0.0133,7864887.4
1563739200000.0,0.0133,0.01362,0.0133,0.01345,9052131.7
1563753600000.0,0.01346,0.01358,0.0133,0.01347,8466436.5
1563768000000.0,0.01344,0.01355,0.0134,0.01347,5964199.8
1563782400000.0,0.01349,0.0136,0.0132,0.01331,13768666.6
1563796800000.0,0.01333,0.01334,0.01259,0.01269,21465159.9
1563811200000.0,0.01269,0.01287,0.0124,0.0124,13170078.0
1563825600000.0,0.01241,0.0128,0.01241,0.01272,4881592.4
1563840000000.0,0.01278,0.01282,0.01267,0.01279,4681342.4
1563854400000.0,0.01278,0.01278,0.01218,0.0122,14953601.5
1563868800000.0,0.0122,0.01221,0.0118,0.01212,16514189.7
1563883200000.0,0.0121,0.01214,0.01177,0.01191,13419226.6
1563897600000.0,0.01186,0.01193,0.01145,0.0119,38098777.3
1563912000000.0,0.01191,0.01218,0.01148,0.01154,16575583.8
1563926400000.0,0.01146,0.01152,0.01109,0.01127,12818803.3
1563940800000.0,0.01124,0.01152,0.01109,0.01145,11504779.6
1563955200000.0,0.01146,0.01188,0.01145,0.01159,14935165.7
1563969600000.0,0.01161,0.01249,0.01156,0.01234,30973661.1
1563984000000.0,0.01231,0.01231,0.01168,0.01217,15081239.5
1563998400000.0,0.01214,0.01231,0.01192,0.01193,10882577.7
1564012800000.0,0.01191,0.01258,0.0119,0.01238,16563710.2
1564027200000.0,0.01236,0.01244,0.01219,0.0123,8791520.5
1564041600000.0,0.01231,0.0126,0.0121,0.01258,19265126.2
1564056000000.0,0.01258,0.01279,0.01218,0.01233,27672505.4
1564070400000.0,0.01234,0.01244,0.01214,0.01215,9489315.7
1564084800000.0,0.01215,0.0123,0.01202,0.01218,9102249.6
1564099200000.0,0.01218,0.01222,0.0119,0.01214,11610156.3
1564113600000.0,0.01213,0.01234,0.01205,0.01233,9066536.0
1564128000000.0,0.01235,0.01262,0.01227,0.01252,11359151.4
1564142400000.0,0.01247,0.01298,0.01244,0.01279,28716219.7
1564156800000.0,0.01279,0.01289,0.01261,0.01268,11449955.1
1564171200000.0,0.01266,0.01292,0.01259,0.01277,15060427.1
1564185600000.0,0.01275,0.01297,0.01268,0.01286,7185564.9
1564200000000.0,0.01286,0.01327,0.01276,0.01292,20619725.9
1564214400000.0,0.01294,0.01296,0.01173,0.01189,28165756.4
1564228800000.0,0.01189,0.01205,0.01173,0.01192,17495654.0
1564243200000.0,0.01194,0.012,0.01174,0.01186,6826323.0
1564257600000.0,0.01185,0.01201,0.01181,0.01198,6084786.2
1564272000000.0,0.01198,0.01199,0.01182,0.0119,2416661.0
1564286400000.0,0.0119,0.01206,0.01188,0.01201,7518811.7
1564300800000.0,0.01199,0.01206,0.01184,0.01201,6414143.2
1564315200000.0,0.01199,0.01199,0.01155,0.01156,13611590.4
1564329600000.0,0.01156,0.01216,0.01156,0.01195,11089644.4
1564344000000.0,0.01192,0.01192,0.01124,0.01179,16786030.5
1564358400000.0,0.01173,0.01195,0.01164,0.01195,7430739.1
1564372800000.0,0.01196,0.01196,0.01182,0.01184,2672593.6
1564387200000.0,0.01186,0.01188,0.01158,0.01163,4979574.0
1564401600000.0,0.01167,0.01175,0.01126,0.01148,15769144.2
1564416000000.0,0.01145,0.0116,0.0113,0.01142,11786208.5
1564430400000.0,0.01141,0.01152,0.01133,0.01133,7819711.3
1564444800000.0,0.01135,0.01142,0.011,0.01117,18085128.8
1564459200000.0,0.01117,0.01147,0.01115,0.01145,7057130.4
1564473600000.0,0.01145,0.01145,0.01118,0.01134,5108966.1
1564488000000.0,0.01133,0.01168,0.01133,0.01159,12959817.5
1564502400000.0,0.01161,0.01163,0.01142,0.0115,6544560.2
1564516800000.0,0.01147,0.01158,0.01141,0.01157,3540089.4
1564531200000.0,0.01151,0.01166,0.01142,0.0115,10877735.7
1564545600000.0,0.01146,0.01161,0.01135,0.01139,12067228.7
1564560000000.0,0.01139,0.01144,0.01134,0.01135,7819676.6
1564574400000.0,0.01135,0.01141,0.01112,0.0113,21642158.3
1564588800000.0,0.01129,0.01144,0.01123,0.01131,16650492.6
1564603200000.0,0.01131,0.01138,0.0112,0.01131,8441896.2
1564617600000.0,0.01134,0.01154,0.01123,0.01137,18152119.3
1564632000000.0,0.01137,0.01137,0.01121,0.01123,5988809.8
1564646400000.0,0.01122,0.01134,0.01055,0.01078,47322163.0
1564660800000.0,0.01078,0.01084,0.01055,0.01075,13262139.2
1564675200000.0,0.01074,0.01086,0.01068,0.01085,12087462.5
1564689600000.0,0.01081,0.01082,0.01055,0.01062,15134013.0
1564704000000.0,0.01061,0.01097,0.01041,0.0109,32231497.8
1564718400000.0,0.0109,0.01095,0.01066,0.0107,15024476.5
1564732800000.0,0.01071,0.01104,0.0107,0.01081,18069715.8
1564747200000.0,0.01086,0.0111,0.01083,0.01086,21202846.8
1564761600000.0,0.01087,0.01095,0.01068,0.01094,13652940.9
1564776000000.0,0.01092,0.01155,0.01085,0.01109,44400174.5
1564790400000.0,0.01109,0.01132,0.01105,0.01118,19069912.7
1564804800000.0,0.01113,0.0114,0.01113,0.0113,15383222.9
1564819200000.0,0.01132,0.01136,0.01108,0.01114,8691155.1
1564833600000.0,0.01114,0.01121,0.01084,0.01089,20129170.6
1564848000000.0,0.01085,0.01098,0.0106,0.01062,14923701.4
1564862400000.0,0.01062,0.01079,0.01058,0.01062,12401910.2
1564876800000.0,0.01062,0.01085,0.01046,0.01055,17045332.0
1564891200000.0,0.01056,0.01099,0.01052,0.01091,14340976.6
1564905600000.0,0.01094,0.01099,0.01046,0.01054,22716757.9
1564920000000.0,0.01054,0.01077,0.01048,0.01055,13765702.0
1564934400000.0,0.01057,0.01061,0.01017,0.01026,24126358.8
1564948800000.0,0.01029,0.01031,0.01013,0.01022,7741857.2
1564963200000.0,0.01022,0.01039,0.01012,0.01034,19713926.3
1564977600000.0,0.01032,0.01037,0.01003,0.0101,28798453.4
1564992000000.0,0.0101,0.01014,0.00988,0.0101,29860389.5
1565006400000.0,0.01011,0.01011,0.0097,0.00987,35889883.0
1565020800000.0,0.00982,0.01275,0.00951,0.01269,375766459.3
1565035200000.0,0.01271,0.01293,0.01156,0.01169,228133941.2
1565049600000.0,0.01168,0.01266,0.01164,0.01236,84006203.0
1565064000000.0,0.01235,0.01297,0.012,0.01246,155183742.1
1565078400000.0,0.01247,0.01402,0.01225,0.01346,170587632.4
1565092800000.0,0.01345,0.01736,0.01316,0.0166,711728370.6
1565107200000.0,0.01659,0.01718,0.01474,0.01623,394557796.2
1565121600000.0,0.01622,0.01623,0.01459,0.01531,189610666.4
1565136000000.0,0.01531,0.02,0.01531,0.019,480612799.2
1565150400000.0,0.019,0.01956,0.01791,0.01905,284940634.8
1565164800000.0,0.01904,0.02063,0.01835,0.02013,286675796.5
1565179200000.0,0.02012,0.02047,0.01746,0.01765,391311272.9
1565193600000.0,0.01761,0.01895,0.0171,0.01735,271282783.9
1565208000000.0,0.01736,0.01803,0.01601,0.01666,262706554.5
1565222400000.0,0.01669,0.01764,0.01562,0.01564,222811920.5
1565236800000.0,0.01567,0.01654,0.01544,0.01637,152543738.3
1565251200000.0,0.01633,0.01677,0.01531,0.01578,134208192.4
1565265600000.0,0.01576,0.01693,0.01546,0.01675,140336458.2
1565280000000.0,0.01671,0.01679,0.0157,0.01632,89719180.0
1565294400000.0,0.01632,0.0164,0.01416,0.01453,147739573.4
1565308800000.0,0.01444,0.01486,0.01381,0.01437,139787766.8
1565323200000.0,0.01437,0.01458,0.01374,0.01391,81913296.9
1565337600000.0,0.01394,0.01405,0.01333,0.0134,60969828.2
1565352000000.0,0.0134,0.01382,0.01312,0.01344,71845229.8
1565366400000.0,0.01344,0.01377,0.0121,0.01221,144517866.1
1565380800000.0,0.01221,0.01253,0.0121,0.01218,68100296.4
1565395200000.0,0.01215,0.0126,0.01213,0.0126,35186264.7
1565409600000.0,0.0126,0.01268,0.01217,0.01235,48850980.8
1565424000000.0,0.01236,0.01316,0.0123,0.01309,92108187.0
1565438400000.0,0.01308,0.01397,0.01272,0.01375,218884017.5
1565452800000.0,0.0137,0.01478,0.01356,0.01469,197515505.8
1565467200000.0,0.01466,0.01549,0.0142,0.01497,226817226.5
1565481600000.0,0.01501,0.01501,0.01402,0.01432,119814302.3
1565496000000.0,0.01433,0.01536,0.01433,0.01488,108964781.1
1565510400000.0,0.01488,0.01715,0.01481,0.01639,239384530.6
1565524800000.0,0.01634,0.0187,0.01625,0.01743,326969612.5
1565539200000.0,0.01747,0.0183,0.01662,0.01798,218940851.1
1565553600000.0,0.01795,0.0181,0.01603,0.01603,181370965.5
1565568000000.0,0.01609,0.01749,0.01582,0.0171,180653233.0
1565582400000.0,0.0171,0.01804,0.01673,0.0176,148661802.7
1565596800000.0,0.0176,0.0182,0.0172,0.01759,104771951.0
1565611200000.0,0.01759,0.01759,0.01626,0.01645,168394710.1
1565625600000.0,0.01645,0.01688,0.01597,0.01625,142299126.9
1565640000000.0,0.01624,0.01715,0.01602,0.01691,94751873.8
1565654400000.0,0.01692,0.01697,0.01629,0.01633,56551074.2
1565668800000.0,0.01633,0.01633,0.01529,0.0159,147912233.2
1565683200000.0,0.01589,0.01628,0.01571,0.01597,68623674.7
1565697600000.0,0.01596,0.01609,0.01502,0.0153,82349870.4
1565712000000.0,0.01533,0.01674,0.0153,0.01629,161946050.6
1565726400000.0,0.01631,0.01725,0.0163,0.01682,125703725.5
1565740800000.0,0.01682,0.01692,0.01597,0.01617,69690873.7
1565755200000.0,0.01619,0.0172,0.01582,0.01702,86372909.1
1565769600000.0,0.01705,0.01737,0.01637,0.01681,96170759.7
1565784000000.0,0.01684,0.01691,0.01631,0.01657,71028932.2
1565798400000.0,0.01655,0.01695,0.015,0.01511,179673934.5
1565812800000.0,0.01511,0.01576,0.01454,0.01475,170954211.7
1565827200000.0,0.01475,0.0152,0.01455,0.01479,52364307.9
1565856000000.0,0.01479,0.01557,0.01459,0.01538,40314626.3
1565870400000.0,0.01544,0.01546,0.01461,0.01514,74426579.4
1565884800000.0,0.01515,0.0156,0.01491,0.01528,62060440.6
1565899200000.0,0.01528,0.01566,0.0142,0.01455,136357135.9
1565913600000.0,0.01458,0.01472,0.01401,0.0142,55232238.3
1565928000000.0,0.01421,0.01444,0.01357,0.01413,45712627.9
1565942400000.0,0.0141,0.01447,0.01394,0.01424,44231160.7
1565956800000.0,0.01424,0.01455,0.0141,0.01415,42469982.9
1565971200000.0,0.01419,0.01426,0.01336,0.01377,89003681.4
1565985600000.0,0.01378,0.01379,0.01316,0.0133,57246664.9
1566000000000.0,0.0133,0.01368,0.01322,0.01357,25962927.8
1566014400000.0,0.01353,0.01397,0.0135,0.01378,46020645.3
1566028800000.0,0.01378,0.01411,0.01372,0.01381,35992098.8
1566043200000.0,0.01381,0.01387,0.01344,0.01376,35957788.8
1566057600000.0,0.01371,0.01427,0.01338,0.0142,58854255.2
1566072000000.0,0.01425,0.0148,0.01394,0.01417,83639926.0
1566086400000.0,0.01416,0.01455,0.01407,0.0143,34804610.2
1566100800000.0,0.01427,0.01455,0.01406,0.01424,32838996.2
1566115200000.0,0.01424,0.01428,0.0137,0.01396,47717231.4
1566129600000.0,0.01395,0.01424,0.0139,0.01405,35086174.6
1566144000000.0,0.01405,0.01407,0.01381,0.01387,23590331.6
1566158400000.0,0.01387,0.01416,0.0136,0.0139,37089825.5
1566172800000.0,0.01393,0.01475,0.01384,0.01456,73677889.6
1566187200000.0,0.0146,0.01467,0.01403,0.0142,60283999.9
1566201600000.0,0.0142,0.0149,0.01413,0.01446,53589731.4
1566216000000.0,0.01446,0.01546,0.01437,0.01515,81160826.5
1566230400000.0,0.0152,0.01588,0.01501,0.01565,101264402.6
1566244800000.0,0.01558,0.01594,0.01527,0.01542,68278207.4
1566259200000.0,0.01543,0.01578,0.0152,0.0155,64455216.7
1566273600000.0,0.0155,0.01575,0.01536,0.0155,31229803.7
1566288000000.0,0.0155,0.01554,0.01481,0.01536,77495791.4
1566302400000.0,0.01536,0.01543,0.01502,0.01515,40944028.3
1566316800000.0,0.01515,0.01547,0.01512,0.01539,32782618.4
1566331200000.0,0.01541,0.01599,0.01521,0.01578,59178067.6
1566345600000.0,0.01582,0.01597,0.01495,0.01511,64671018.5
1566360000000.0,0.01507,0.01519,0.01471,0.01505,55053435.1
1566374400000.0,0.01505,0.01552,0.01496,0.01534,51162023.4
1566388800000.0,0.01528,0.01534,0.01452,0.01467,65345581.0
1566403200000.0,0.01466,0.01525,0.01442,0.01519,58653474.2
1566417600000.0,0.01519,0.01564,0.01502,0.01547,49359875.1
1566432000000.0,0.01551,0.01563,0.01465,0.01485,49764228.4
1566446400000.0,0.01485,0.01544,0.01482,0.0152,33308192.5
1566460800000.0,0.0152,0.01588,0.01508,0.01555,77736254.5
1566475200000.0,0.01554,0.01685,0.01549,0.01598,164187874.3
1566489600000.0,0.01598,0.017,0.01598,0.017,99127027.1
1566504000000.0,0.017,0.01713,0.01641,0.01672,64493498.9
1566518400000.0,0.0167,0.01736,0.01662,0.01706,69148557.7
1566532800000.0,0.01705,0.01712,0.01601,0.01637,66624037.0
1566547200000.0,0.01636,0.01663,0.01606,0.01649,35111877.2
1566561600000.0,0.01648,0.01648,0.01555,0.01605,81016956.8
1566576000000.0,0.01606,0.01613,0.01577,0.0159,35389375.3
1566590400000.0,0.0159,0.01615,0.01495,0.01534,73264817.0
1566604800000.0,0.01536,0.01545,0.01502,0.01513,38319854.9
1566619200000.0,0.01516,0.01523,0.01451,0.01465,56143978.1
1566633600000.0,0.01466,0.01538,0.01457,0.01474,78716092.6
1566648000000.0,0.01472,0.01478,0.0142,0.01449,62795952.2
1566662400000.0,0.01449,0.01504,0.01424,0.01498,42985828.7
1566676800000.0,0.01498,0.01517,0.01459,0.01483,26305898.7
1566691200000.0,0.01483,0.01496,0.01474,0.01481,10336442.6
1566705600000.0,0.01484,0.01488,0.01465,0.01477,9008177.1
1566720000000.0,0.01477,0.01487,0.01466,0.01477,9996246.5
1566734400000.0,0.01477,0.01479,0.01432,0.01445,33247281.1
1566748800000.0,0.01445,0.01461,0.01414,0.0142,24681123.0
1566763200000.0,0.01422,0.01425,0.01355,0.01373,64560991.3
1566777600000.0,0.01368,0.01473,0.01368,0.01432,64171997.7
1566792000000.0,0.01432,0.01449,0.01393,0.01408,29554242.7
1566806400000.0,0.01409,0.01422,0.01391,0.01395,20114131.3
1566820800000.0,0.01393,0.01405,0.01366,0.01395,24723301.1
1566835200000.0,0.01394,0.01404,0.01381,0.01397,11312479.7
1566849600000.0,0.01393,0.01403,0.01373,0.01392,13109715.8
1566864000000.0,0.01391,0.01442,0.0139,0.01406,33758370.3
1566878400000.0,0.01406,0.01413,0.01377,0.01388,15462689.9
1566892800000.0,0.01389,0.01399,0.01382,0.01387,6277922.8
1566907200000.0,0.01386,0.0147,0.01372,0.0146,57725529.7
1566921600000.0,0.01458,0.0149,0.01441,0.01469,30587474.8
1566936000000.0,0.01469,0.01486,0.01412,0.01416,34900757.5
1566950400000.0,0.01417,0.01454,0.01416,0.01423,20196970.4
1566964800000.0,0.01423,0.01435,0.01412,0.01435,16103012.1
1566979200000.0,0.01434,0.01461,0.0143,0.0144,17504580.0
1566993600000.0,0.0144,0.01455,0.01391,0.01403,31807741.3
1567008000000.0,0.01403,0.01416,0.01275,0.0131,54439248.6
1567022400000.0,0.01311,0.01326,0.0128,0.01291,26908229.8
1567036800000.0,0.01291,0.01291,0.01204,0.01212,34703916.2
1567051200000.0,0.01208,0.01245,0.01176,0.01179,24334804.7
1567065600000.0,0.01179,0.01265,0.01179,0.01238,25575560.7
1567080000000.0,0.01238,0.0125,0.01189,0.01215,23947635.7
1567094400000.0,0.01218,0.01228,0.0119,0.01213,17562078.4
1567108800000.0,0.01212,0.0122,0.01148,0.01168,21997407.2
1567123200000.0,0.01168,0.0121,0.01155,0.0119,16797644.1
1567137600000.0,0.01193,0.01213,0.01181,0.01198,13615725.9
1567152000000.0,0.01195,0.0124,0.01193,0.01235,22837331.7
1567166400000.0,0.01235,0.01245,0.01217,0.0123,17358918.3
1567180800000.0,0.0123,0.0123,0.0118,0.01215,24819627.8
1567195200000.0,0.01215,0.01232,0.01211,0.01232,14031904.7
1567209600000.0,0.01232,0.01234,0.0122,0.01221,10507298.5
1567224000000.0,0.01222,0.01223,0.01202,0.01207,9204814.2
1567238400000.0,0.01213,0.01224,0.012,0.01218,9558752.8
1567252800000.0,0.0122,0.01225,0.01206,0.01209,7091553.6
1567267200000.0,0.01207,0.01207,0.01161,0.01166,16150735.8
1567281600000.0,0.01168,0.01188,0.01132,0.01177,17674969.5
1567296000000.0,0.01175,0.01183,0.01165,0.01176,5126261.8
1567310400000.0,0.01174,0.01187,0.01166,0.01185,6589911.4
1567324800000.0,0.01185,0.01186,0.01169,0.0118,4186056.0
1567339200000.0,0.0118,0.0118,0.01155,0.01173,6583880.2
1567353600000.0,0.01169,0.01236,0.01152,0.0122,34638587.7
1567368000000.0,0.0122,0.01235,0.01211,0.01217,13841693.5
1567382400000.0,0.01225,0.0125,0.01202,0.01243,9637663.0
1567396800000.0,0.01242,0.01357,0.01241,0.01312,51851728.8
1567411200000.0,0.01312,0.01352,0.01307,0.01317,26355922.7
1567425600000.0,0.01317,0.01367,0.0129,0.01345,50754029.2
1567440000000.0,0.01351,0.01395,0.01339,0.01365,36442127.8
1567454400000.0,0.01365,0.01378,0.01299,0.01378,46139657.4
1567468800000.0,0.01374,0.01384,0.01336,0.01339,16691843.8
1567483200000.0,0.01337,0.01367,0.01332,0.01351,10507436.9
1567497600000.0,0.01351,0.01361,0.0132,0.01325,15993452.0
1567512000000.0,0.01325,0.01356,0.01275,0.01351,57791975.5
1567526400000.0,0.0135,0.015,0.01339,0.01428,88218406.0
1567540800000.0,0.01427,0.01457,0.01387,0.01433,47289656.1
1567555200000.0,0.01431,0.01457,0.01407,0.01435,19052529.1
1567569600000.0,0.01435,0.01439,0.014,0.01422,20845714.5
1567584000000.0,0.01421,0.01449,0.0139,0.01437,22024363.5
1567598400000.0,0.01437,0.01442,0.01395,0.01426,34248371.6
1567612800000.0,0.01426,0.01431,0.01381,0.01392,24687623.0
1567627200000.0,0.01393,0.01417,0.01386,0.0141,14515150.4
1567641600000.0,0.01411,0.01447,0.01403,0.0144,48823788.2
1567656000000.0,0.01441,0.01497,0.01438,0.01488,43695373.3
1567670400000.0,0.01488,0.01507,0.01456,0.01482,37093985.7
1567684800000.0,0.01482,0.0149,0.01428,0.01447,24840389.9
1567699200000.0,0.01448,0.01484,0.01429,0.0146,28819639.3
1567713600000.0,0.0146,0.0152,0.01448,0.01487,32320072.2
1567728000000.0,0.01487,0.01491,0.014,0.01432,37179895.2
1567742400000.0,0.01432,0.01458,0.01367,0.01439,40614595.9
1567756800000.0,0.01439,0.0145,0.0139,0.01399,17405038.8
1567771200000.0,0.01399,0.01455,0.0137,0.01436,46173404.2
1567785600000.0,0.01437,0.01437,0.01368,0.01396,30885503.7
1567800000000.0,0.01397,0.014,0.0134,0.01358,32736238.6
1567814400000.0,0.01356,0.01379,0.01348,0.01367,11378516.8
1567828800000.0,0.01366,0.01371,0.01347,0.01359,9851835.4
1567843200000.0,0.01362,0.01364,0.01347,0.01357,10642973.6
1567857600000.0,0.01356,0.01391,0.01353,0.01387,17943283.6
1567872000000.0,0.01385,0.01408,0.01366,0.01398,14552948.3
1567886400000.0,0.01401,0.01406,0.01355,0.01379,21037276.6
1567900800000.0,0.01378,0.01391,0.01373,0.01389,6835869.8
1567915200000.0,0.01389,0.0139,0.01373,0.01387,8622880.0
1567929600000.0,0.01389,0.01401,0.01364,0.01375,18892685.3
1567944000000.0,0.01375,0.01399,0.0137,0.01391,10219976.5
1567958400000.0,0.01394,0.01394,0.01374,0.01378,6942507.3
1567972800000.0,0.01378,0.01388,0.01371,0.01387,4632974.2
1567987200000.0,0.01387,0.01387,0.01342,0.01351,15071459.7
1568001600000.0,0.01349,0.0135,0.01302,0.01309,23425757.8
1568016000000.0,0.0131,0.01435,0.01297,0.01413,60175817.8
1568030400000.0,0.01413,0.01463,0.01385,0.01445,52365661.3
1568044800000.0,0.01445,0.01464,0.01401,0.01416,45388380.7
1568059200000.0,0.01416,0.01428,0.01394,0.0141,13284462.6
1568073600000.0,0.0141,0.01438,0.01405,0.01415,14032534.4
1568088000000.0,0.01415,0.01431,0.01414,0.01423,10084957.2
1568102400000.0,0.01423,0.01425,0.01393,0.01394,12991970.8
1568116800000.0,0.01394,0.01423,0.01362,0.01371,26914276.8
1568131200000.0,0.01367,0.01387,0.0136,0.01367,13299798.3
1568145600000.0,0.01367,0.01367,0.01319,0.0135,18464123.5
1568160000000.0,0.01351,0.01372,0.01334,0.01344,13114665.5
1568174400000.0,0.01344,0.0135,0.0131,0.01332,17271416.2
1568188800000.0,0.01332,0.01344,0.01326,0.01338,7834593.7
1568203200000.0,0.01339,0.01339,0.01311,0.01316,13641021.8
1568217600000.0,0.01313,0.01327,0.01285,0.01296,32143355.7
1568232000000.0,0.01297,0.0132,0.0129,0.0131,8344696.9
1568246400000.0,0.0131,0.01316,0.01261,0.01284,18719914.4
1568260800000.0,0.01281,0.01284,0.01251,0.01255,11694420.6
1568275200000.0,0.01252,0.0131,0.0125,0.01293,16755817.4
1568289600000.0,0.01296,0.01306,0.01282,0.01297,11206861.9
1568304000000.0,0.01297,0.01314,0.01291,0.01295,14752771.3
1568318400000.0,0.01295,0.01312,0.01291,0.01296,7177371.3
1568332800000.0,0.01294,0.01297,0.01281,0.01284,5386993.9
1568347200000.0,0.01285,0.01317,0.01267,0.01299,16362567.9
1568361600000.0,0.01299,0.01322,0.01297,0.01303,9342510.0
1568376000000.0,0.01303,0.01307,0.01281,0.01286,6084264.3
1568390400000.0,0.01286,0.01297,0.01279,0.01289,5303473.3
1568404800000.0,0.01289,0.01299,0.01281,0.01293,2380815.6
1568419200000.0,0.01293,0.01297,0.01284,0.01286,2806902.5
1568433600000.0,0.01285,0.01332,0.01285,0.01331,8835327.4
1568448000000.0,0.01331,0.01344,0.01322,0.01324,16399674.6
1568462400000.0,0.01324,0.01331,0.01302,0.01325,12509477.8
1568476800000.0,0.01325,0.01331,0.01316,0.01324,3192730.3
1568491200000.0,0.01321,0.01325,0.01303,0.01305,4726729.0
1568505600000.0,0.01304,0.01324,0.01304,0.01319,4287993.6
1568520000000.0,0.01319,0.0132,0.01306,0.01315,5247778.4
1568534400000.0,0.01313,0.01318,0.0131,0.01315,5978085.4
1568548800000.0,0.01317,0.01317,0.01293,0.01312,12118197.9
1568563200000.0,0.01311,0.01312,0.013,0.01301,3209646.9
1568577600000.0,0.01301,0.01304,0.01259,0.01283,25770495.9
1568592000000.0,0.01283,0.01293,0.0128,0.01284,6670936.6
1568606400000.0,0.01284,0.013,0.0128,0.01295,5609243.6
1568620800000.0,0.01292,0.01299,0.01276,0.01278,10911378.7
1568635200000.0,0.01278,0.01278,0.01251,0.01261,14375811.6
1568649600000.0,0.0126,0.01292,0.01256,0.0128,14608147.0
1568664000000.0,0.0128,0.01296,0.01276,0.0129,4267000.1
1568678400000.0,0.0129,0.01292,0.01276,0.0129,3803306.2
1568692800000.0,0.01289,0.01297,0.01277,0.01295,9496906.0
1568707200000.0,0.01296,0.013,0.0128,0.01295,5321291.6
1568721600000.0,0.01295,0.01299,0.01283,0.01292,10040782.8
1568736000000.0,0.01292,0.0133,0.01285,0.01327,28255602.5
1568750400000.0,0.01324,0.01388,0.01319,0.01348,39301080.5
1568764800000.0,0.01347,0.01384,0.01335,0.01377,18138147.3
1568779200000.0,0.01377,0.01383,0.01356,0.0136,22497133.2
1568793600000.0,0.01359,0.01367,0.01338,0.0136,22365946.6
1568808000000.0,0.0136,0.01429,0.0134,0.01418,66540557.8
1568822400000.0,0.01419,0.01486,0.01393,0.01413,141157720.6
1568836800000.0,0.01411,0.01441,0.01402,0.01432,30121268.9
1568851200000.0,0.01432,0.01443,0.01291,0.01311,68585454.2
1568865600000.0,0.0131,0.0134,0.01304,0.01327,24090751.1
1568880000000.0,0.01327,0.01352,0.01313,0.0135,33808571.0
1568894400000.0,0.01353,0.01373,0.01337,0.01365,30612868.6
1568908800000.0,0.01365,0.01393,0.01356,0.01366,22361277.0
1568923200000.0,0.01367,0.01388,0.01336,0.01366,18999698.3
1568937600000.0,0.01374,0.0138,0.01364,0.0137,8962793.9
1568952000000.0,0.0137,0.0137,0.01344,0.01363,7458518.0
1568966400000.0,0.01352,0.01375,0.01351,0.01359,5436214.6
1568980800000.0,0.0136,0.01388,0.01352,0.01378,18145985.4
1568995200000.0,0.01378,0.01387,0.0135,0.0135,10592978.5
1569009600000.0,0.01349,0.01366,0.01338,0.01363,5524326.1
1569024000000.0,0.01362,0.01362,0.01348,0.01361,2931685.4
1569038400000.0,0.0136,0.01366,0.01346,0.01351,5983903.8
1569052800000.0,0.01352,0.01355,0.01313,0.01339,16205850.4
1569067200000.0,0.01339,0.0134,0.01313,0.01335,11194304.2
1569081600000.0,0.01335,0.01344,0.01329,0.01329,6920117.7
1569096000000.0,0.01329,0.0134,0.01321,0.01331,5249203.6
1569110400000.0,0.01335,0.01336,0.0129,0.01296,15699647.6
1569124800000.0,0.01298,0.01298,0.01262,0.01292,18280123.5
1569139200000.0,0.01292,0.013,0.01275,0.01278,12449340.8
1569153600000.0,0.01278,0.01292,0.01268,0.0128,11248886.9
1569168000000.0,0.01281,0.01282,0.01234,0.0125,16549240.0
1569182400000.0,0.01253,0.01256,0.01238,0.01252,8838554.0
1569196800000.0,0.01252,0.01269,0.01241,0.01264,6186448.3
1569211200000.0,0.0126,0.01269,0.0124,0.01251,7762093.0
1569225600000.0,0.01257,0.0128,0.01247,0.01267,12671930.4
1569240000000.0,0.01265,0.01305,0.01241,0.01284,15945125.8
1569254400000.0,0.01282,0.01299,0.0126,0.01266,6955391.2
1569268800000.0,0.01266,0.01275,0.01215,0.01224,14659273.2
1569283200000.0,0.01219,0.01245,0.01211,0.01237,3116932.1
1569297600000.0,0.01236,0.01308,0.01227,0.01298,24132727.0
1569312000000.0,0.01301,0.01348,0.01274,0.01307,46442130.2
1569326400000.0,0.01302,0.01315,0.01197,0.01243,50363303.8
1569340800000.0,0.01237,0.01277,0.0105,0.0112,111148996.0
1569355200000.0,0.01125,0.01192,0.01074,0.01088,35727379.0
1569369600000.0,0.01095,0.0118,0.01091,0.01113,27738357.3
1569384000000.0,0.01115,0.01129,0.01087,0.0109,15818555.8
1569398400000.0,0.01088,0.01096,0.01037,0.01066,52755636.3
1569412800000.0,0.01066,0.01092,0.01046,0.01075,19008732.8
1569427200000.0,0.01077,0.01096,0.01061,0.01079,19552034.6
1569441600000.0,0.01082,0.01135,0.01082,0.01098,21212001.0
1569456000000.0,0.01096,0.01111,0.01086,0.01096,10370127.6
1569470400000.0,0.01094,0.01119,0.01088,0.01101,7453119.9
1569484800000.0,0.011,0.01136,0.011,0.0112,15631905.0
1569499200000.0,0.01123,0.01153,0.01027,0.01033,52381166.3
1569513600000.0,0.0103,0.01077,0.01,0.01071,30546484.5
1569528000000.0,0.01072,0.01081,0.01047,0.01059,7854439.3
1569542400000.0,0.01067,0.01067,0.01033,0.01057,4573615.7
1569556800000.0,0.01058,0.01072,0.01037,0.0107,7901791.6
1569571200000.0,0.01067,0.01091,0.01055,0.01067,20016218.6
1569585600000.0,0.01067,0.01078,0.01034,0.01047,20722915.0
1569600000000.0,0.01046,0.01072,0.01035,0.0106,10266152.0
1569614400000.0,0.01061,0.011,0.01061,0.01082,12044044.1
1569628800000.0,0.01082,0.01089,0.01073,0.0108,7570234.6
1569643200000.0,0.01079,0.01135,0.01079,0.0112,59269735.7
1569657600000.0,0.0112,0.01136,0.01111,0.01112,19225592.2
1569672000000.0,0.01112,0.01118,0.01085,0.01112,21561616.8
1569686400000.0,0.01112,0.01135,0.01106,0.01124,21447505.3
1569700800000.0,0.01122,0.01133,0.01096,0.01121,8037233.4
1569715200000.0,0.01123,0.01128,0.01102,0.01112,7301746.9
1569729600000.0,0.01111,0.01113,0.01063,0.01082,19496514.8
1569744000000.0,0.01082,0.01099,0.01074,0.01092,13275639.0
1569758400000.0,0.01092,0.01097,0.01062,0.01064,18322959.9
1569772800000.0,0.01065,0.01084,0.01063,0.01078,7020383.9
1569787200000.0,0.01077,0.01105,0.01074,0.01087,8600426.1
1569801600000.0,0.01087,0.01098,0.01069,0.01086,7763832.0
1569816000000.0,0.01086,0.01087,0.01001,0.01039,44035388.2
1569830400000.0,0.01038,0.01089,0.01032,0.01077,26454638.3
1569844800000.0,0.01076,0.0111,0.01071,0.01102,23466461.3
1569859200000.0,0.01103,0.0111,0.0105,0.01087,49895036.6
1569873600000.0,0.01088,0.0109,0.01066,0.0109,12047099.6
1569888000000.0,0.01089,0.01112,0.0107,0.01098,32600237.9
1569902400000.0,0.01102,0.01108,0.0109,0.01097,17504958.2
1569916800000.0,0.01099,0.011,0.01072,0.01082,15760263.3
1569931200000.0,0.01083,0.01094,0.01064,0.01079,13538487.9
1569945600000.0,0.01079,0.01096,0.01055,0.01062,24978356.8
1569960000000.0,0.01064,0.01085,0.01062,0.01069,6360788.9
1569974400000.0,0.01065,0.01071,0.01061,0.01064,3203504.4
1569988800000.0,0.01062,0.01063,0.01047,0.01058,10505070.4
1570003200000.0,0.01059,0.01065,0.01051,0.01062,4207132.3
1570017600000.0,0.01062,0.01063,0.01049,0.01061,7621401.9
1570032000000.0,0.01057,0.01097,0.0105,0.01066,37202351.5
1570046400000.0,0.01066,0.01085,0.01063,0.01081,6222839.7
1570060800000.0,0.01081,0.01089,0.01074,0.01084,4857324.4
1570075200000.0,0.01087,0.01092,0.01072,0.01075,7313022.2
1570089600000.0,0.01075,0.01079,0.0106,0.01061,6035506.5
1570104000000.0,0.01062,0.0107,0.0104,0.01043,19141123.4
1570118400000.0,0.01043,0.01056,0.01039,0.0105,5365557.3
1570132800000.0,0.01048,0.0106,0.0104,0.01054,5687134.9
1570147200000.0,0.01055,0.01055,0.01035,0.01041,7598880.1
1570161600000.0,0.01043,0.01058,0.01031,0.01056,9237106.4
1570176000000.0,0.01056,0.01066,0.01048,0.01054,4352584.0
1570190400000.0,0.01057,0.01061,0.01049,0.01056,10418403.6
1570204800000.0,0.01057,0.01074,0.01057,0.01067,7986849.8
1570219200000.0,0.01066,0.01071,0.0105,0.01055,8717626.0
1570233600000.0,0.01055,0.01055,0.01046,0.01052,4560547.0
1570248000000.0,0.01053,0.01064,0.01052,0.01057,5772872.2
1570262400000.0,0.01057,0.01058,0.01038,0.01047,9390398.4
1570276800000.0,0.01047,0.01053,0.01038,0.01044,8260957.7
1570291200000.0,0.01044,0.01051,0.0104,0.01043,4329035.1
1570305600000.0,0.01043,0.01062,0.01041,0.01048,7145467.6
1570320000000.0,0.01048,0.01059,0.01041,0.01043,3592764.7
1570334400000.0,0.01043,0.01052,0.01015,0.0103,17109837.1
1570348800000.0,0.0103,0.0103,0.01008,0.01023,11109611.6
1570363200000.0,0.01026,0.01039,0.01013,0.01031,8314656.8
1570377600000.0,0.0103,0.01036,0.01005,0.01019,18723721.4
1570392000000.0,0.01017,0.01025,0.01011,0.01016,6215637.5
1570406400000.0,0.01013,0.01025,0.01003,0.0102,18278611.4
1570420800000.0,0.01023,0.01023,0.01006,0.01021,7628395.8
1570435200000.0,0.01021,0.01088,0.0102,0.01071,65551215.6
1570449600000.0,0.01072,0.01104,0.0107,0.0108,59008961.9
1570464000000.0,0.01079,0.01112,0.01071,0.01092,38785788.5
1570478400000.0,0.01092,0.01103,0.01085,0.01091,17557331.7
1570492800000.0,0.0109,0.01125,0.01083,0.01102,18539678.2
1570507200000.0,0.01103,0.01111,0.01087,0.01096,17560803.4
1570521600000.0,0.01096,0.01098,0.01067,0.01083,25342563.8
1570536000000.0,0.01082,0.01133,0.01076,0.01122,54009960.1
1570550400000.0,0.0112,0.01256,0.01111,0.01228,147601291.6
1570564800000.0,0.01229,0.0128,0.01198,0.01244,78250969.4
1570579200000.0,0.01243,0.01265,0.0123,0.01245,35321457.4
1570593600000.0,0.01245,0.014,0.01241,0.01338,140560385.2
1570608000000.0,0.01334,0.0143,0.0132,0.01409,110943707.3
1570622400000.0,0.0141,0.01417,0.01332,0.01404,125632856.8
1570636800000.0,0.01402,0.01445,0.01378,0.0139,88652649.2
1570651200000.0,0.0139,0.0145,0.01387,0.01444,51038729.7
1570665600000.0,0.01444,0.0145,0.01338,0.01348,51320445.5
1570680000000.0,0.01352,0.014,0.01341,0.01362,29789675.8
1570694400000.0,0.01362,0.01409,0.01348,0.01393,40523346.9
1570708800000.0,0.01392,0.01495,0.01389,0.01459,121307218.9
1570723200000.0,0.0146,0.01599,0.01421,0.0158,86026512.6
1570737600000.0,0.0158,0.0171,0.01558,0.0161,178335241.4
1570752000000.0,0.0161,0.01715,0.0157,0.01678,126319665.3
1570766400000.0,0.01676,0.01684,0.01553,0.0158,149581731.4
1570780800000.0,0.0158,0.01612,0.01529,0.01542,70322515.9
1570795200000.0,0.01544,0.01751,0.01542,0.01716,242163145.2
1570809600000.0,0.01716,0.01766,0.01669,0.01693,105274683.6
1570824000000.0,0.01693,0.017,0.01576,0.0158,82853844.6
1570838400000.0,0.0158,0.0161,0.01551,0.01575,61007000.2
1570852800000.0,0.01579,0.0165,0.01452,0.01485,186514323.9
1570867200000.0,0.01486,0.01538,0.0146,0.0151,105454387.3
1570881600000.0,0.01512,0.01529,0.01487,0.01501,56552005.0
1570896000000.0,0.01501,0.01508,0.01461,0.01506,44287669.0
1570910400000.0,0.01501,0.0157,0.01492,0.01555,41211524.0
1570924800000.0,0.01555,0.01568,0.015,0.01525,33386704.7
1570939200000.0,0.01521,0.01531,0.01502,0.01514,24194593.1
1570953600000.0,0.01515,0.01526,0.01481,0.01494,28616333.1
1570968000000.0,0.01494,0.015,0.01428,0.01461,53259293.1
1570982400000.0,0.01461,0.01493,0.01442,0.01462,36445491.6
1570996800000.0,0.0146,0.01504,0.01408,0.01494,49642950.4
1571011200000.0,0.01493,0.01569,0.01492,0.0154,70576928.2
1571025600000.0,0.01539,0.01672,0.01516,0.01523,161274196.7
1571040000000.0,0.01523,0.01531,0.01485,0.01523,84410156.2
1571054400000.0,0.01522,0.01578,0.01501,0.0152,82840252.7
1571068800000.0,0.01522,0.01575,0.01486,0.01527,44128690.1
1571083200000.0,0.01527,0.0155,0.01506,0.01522,32154705.2
1571097600000.0,0.01523,0.01539,0.01483,0.01485,41194479.2
1571112000000.0,0.01485,0.01534,0.01462,0.0148,49915524.0
1571126400000.0,0.01485,0.01491,0.01463,0.01491,23729522.0
1571140800000.0,0.01492,0.01516,0.01476,0.01506,37219939.1
1571155200000.0,0.01504,0.01513,0.01422,0.01445,51462814.5
1571169600000.0,0.01448,0.01448,0.01411,0.01437,36689416.7
1571184000000.0,0.01434,0.01443,0.01418,0.01421,14449870.0
1571198400000.0,0.01422,0.01447,0.01385,0.01405,42581274.3
1571212800000.0,0.01407,0.01408,0.01342,0.01352,58360958.9
1571227200000.0,0.0135,0.01354,0.01283,0.01335,61917228.2
1571241600000.0,0.01335,0.01346,0.01313,0.01331,28018135.6
1571256000000.0,0.01331,0.01397,0.01329,0.01386,50463273.0
1571270400000.0,0.01386,0.01398,0.01348,0.01397,24360223.2
1571284800000.0,0.01397,0.01407,0.01371,0.01397,25410780.3
1571299200000.0,0.01397,0.01458,0.01376,0.0143,51084498.9
1571313600000.0,0.0143,0.01456,0.01421,0.01445,33649228.0
1571328000000.0,0.01445,0.01449,0.01405,0.01425,29528293.2
1571342400000.0,0.01426,0.01438,0.01394,0.01425,18976043.7
1571356800000.0,0.01425,0.01443,0.01408,0.01416,22999894.2
1571371200000.0,0.0142,0.01423,0.01335,0.01349,61437426.5
1571385600000.0,0.01349,0.0136,0.01306,0.01347,30772817.4
1571400000000.0,0.01354,0.01381,0.01344,0.01353,26010239.9
1571414400000.0,0.01358,0.01365,0.01342,0.01342,12338383.1
1571428800000.0,0.01343,0.01343,0.013,0.01334,36981066.4
1571443200000.0,0.01333,0.01342,0.01302,0.01315,24883051.4
1571457600000.0,0.01319,0.01378,0.01318,0.01355,24404370.9
1571472000000.0,0.01356,0.0137,0.0133,0.01333,22440882.7
1571486400000.0,0.01336,0.01365,0.0132,0.01344,26439787.5
1571500800000.0,0.01344,0.01375,0.01327,0.01365,21118209.5
1571515200000.0,0.01367,0.01389,0.01345,0.01376,16741453.2
1571529600000.0,0.01376,0.01403,0.0132,0.01342,31617581.5
1571544000000.0,0.01342,0.01349,0.01332,0.01337,7848379.3
1571558400000.0,0.01338,0.01358,0.01335,0.01356,13814392.3
1571572800000.0,0.01356,0.01364,0.01336,0.01364,16937788.2
1571587200000.0,0.01362,0.01392,0.01347,0.01389,34025904.8
1571601600000.0,0.01389,0.0139,0.01367,0.01376,22916672.1
1571616000000.0,0.0138,0.01389,0.01354,0.01372,14593845.2
1571630400000.0,0.01372,0.01443,0.01368,0.0143,67242749.6
1571644800000.0,0.01431,0.0149,0.0142,0.01469,79520160.4
1571659200000.0,0.01469,0.01505,0.01438,0.01466,78016695.7
1571673600000.0,0.01466,0.01509,0.01441,0.01489,54086062.8
1571688000000.0,0.01493,0.01516,0.01464,0.01491,42622956.4
1571702400000.0,0.01491,0.01525,0.01476,0.01512,31706844.3
1571716800000.0,0.01512,0.01518,0.01471,0.01478,31452885.2
1571731200000.0,0.0148,0.01498,0.01466,0.01483,33619717.8
1571745600000.0,0.01483,0.01506,0.01459,0.015,47848489.9
1571760000000.0,0.015,0.01533,0.01483,0.0152,50905611.6
1571774400000.0,0.01521,0.01522,0.0143,0.01443,46728604.1
1571788800000.0,0.01443,0.01463,0.01408,0.01411,48332984.8
1571803200000.0,0.01408,0.0144,0.014,0.01415,33787197.5
1571817600000.0,0.01415,0.01445,0.01407,0.01425,21830797.1
1571832000000.0,0.01425,0.01429,0.01259,0.01307,132463242.4
1571846400000.0,0.01307,0.01347,0.01273,0.01333,68768628.2
1571860800000.0,0.01333,0.01349,0.01292,0.01326,27119665.9
1571875200000.0,0.01322,0.01341,0.01289,0.0131,31487429.1
1571889600000.0,0.01309,0.01347,0.01302,0.01335,38594907.8
1571904000000.0,0.01335,0.01359,0.01334,0.01352,19986995.7
1571918400000.0,0.01352,0.01383,0.01341,0.01368,36210108.0
1571932800000.0,0.01368,0.01381,0.01352,0.01364,32965532.2
1571947200000.0,0.01362,0.01365,0.01336,0.01338,17578272.8
1571961600000.0,0.01338,0.01356,0.01321,0.01337,30386231.6
1571976000000.0,0.01336,0.01339,0.013,0.01332,28583924.2
1571990400000.0,0.01331,0.01376,0.01319,0.01342,33126648.2
1572004800000.0,0.01347,0.01445,0.01343,0.01422,67608504.9
1572019200000.0,0.01427,0.01474,0.0141,0.01462,125445826.5
1572033600000.0,0.01462,0.01468,0.01421,0.01435,34594537.4
1572048000000.0,0.01438,0.01489,0.0137,0.01429,149427579.3
1572062400000.0,0.01429,0.01482,0.01412,0.01438,53443158.9
1572076800000.0,0.01438,0.01479,0.0135,0.01408,81069170.0
1572091200000.0,0.01406,0.01428,0.01371,0.0138,38857767.2
1572105600000.0,0.0138,0.01389,0.01316,0.01342,38630881.3
1572120000000.0,0.01336,0.01357,0.0133,0.01348,19682311.4
1572134400000.0,0.01348,0.01376,0.01333,0.01352,18871924.2
1572148800000.0,0.01353,0.0139,0.01341,0.0139,24517833.9
1572163200000.0,0.0139,0.01464,0.01358,0.01413,87375394.4
1572177600000.0,0.01413,0.01425,0.01379,0.01401,47404194.7
1572192000000.0,0.01404,0.01449,0.01391,0.01425,54636892.8
1572206400000.0,0.01425,0.01434,0.01389,0.01402,17499432.5
1572220800000.0,0.01403,0.0146,0.01398,0.01435,46631847.6
1572235200000.0,0.01438,0.01459,0.01397,0.01422,39840128.5
1572249600000.0,0.01422,0.01515,0.01419,0.01475,84498588.1
1572264000000.0,0.01475,0.01484,0.01417,0.01475,61922609.1
1572278400000.0,0.01475,0.01482,0.01429,0.01446,30034813.6
1572292800000.0,0.01446,0.01459,0.01391,0.01398,36920983.3
1572307200000.0,0.01399,0.01436,0.01378,0.0142,34581709.6
1572321600000.0,0.0142,0.01435,0.014,0.01433,37447898.2
1572336000000.0,0.01427,0.01435,0.01416,0.0142,21917986.0
1572350400000.0,0.01421,0.01443,0.01403,0.01419,29622483.1
1572364800000.0,0.0142,0.01425,0.0138,0.01395,25826182.3
1572379200000.0,0.01397,0.01427,0.0139,0.01409,27234176.9
1572393600000.0,0.01409,0.01414,0.01384,0.01388,18694935.2
1572408000000.0,0.01396,0.014,0.01352,0.0136,27707931.4
1572422400000.0,0.01359,0.01395,0.0135,0.01358,23898115.8
1572436800000.0,0.01359,0.01365,0.0135,0.01363,14672872.2
1572451200000.0,0.0136,0.01365,0.0134,0.0135,23709510.6
1572465600000.0,0.01348,0.01354,0.01326,0.0134,19819268.9
1572480000000.0,0.01341,0.01355,0.01331,0.01338,10638814.2
1572494400000.0,0.01341,0.0137,0.01335,0.01357,16253610.5
1572508800000.0,0.01361,0.01362,0.01324,0.01345,18494803.3
1572523200000.0,0.01347,0.01367,0.0134,0.01354,20337353.0
1572537600000.0,0.01356,0.01388,0.01345,0.01376,22974811.9
1572552000000.0,0.01377,0.01388,0.01353,0.0136,15460848.8
1572566400000.0,0.0136,0.014,0.01347,0.01395,23995061.9
1572580800000.0,0.01395,0.01406,0.01374,0.01375,17392938.3
1572595200000.0,0.01375,0.01395,0.01366,0.01369,18783678.7
1572609600000.0,0.01369,0.01378,0.01349,0.01356,11623243.2
1572624000000.0,0.0135,0.01368,0.01336,0.01361,10872704.4
1572638400000.0,0.01362,0.01382,0.01358,0.01377,8651049.9
1572652800000.0,0.01377,0.0139,0.0134,0.01366,15938126.1
1572667200000.0,0.01364,0.0137,0.01359,0.01364,11683360.5
1572681600000.0,0.0136,0.01369,0.01358,0.01367,10049968.9
1572696000000.0,0.01368,0.01368,0.01341,0.01354,27715822.0
1572710400000.0,0.01358,0.01368,0.01353,0.01359,6699629.9
1572724800000.0,0.01359,0.0136,0.01351,0.01353,6416624.8
1572739200000.0,0.01354,0.01373,0.0135,0.01361,15734046.9
1572753600000.0,0.01361,0.01363,0.01349,0.01352,10501649.5
1572768000000.0,0.01359,0.01359,0.01329,0.01345,20567938.1
1572782400000.0,0.01346,0.01352,0.01333,0.01342,10881251.1
1572796800000.0,0.01343,0.01349,0.01335,0.0134,7419677.9
1572811200000.0,0.01341,0.01355,0.01335,0.01354,8536834.9
1572825600000.0,0.01354,0.01371,0.01351,0.0136,9544923.4
1572840000000.0,0.0136,0.01378,0.01356,0.01376,21389880.0
1572854400000.0,0.01377,0.0139,0.0136,0.01383,18809339.2
1572868800000.0,0.01386,0.01444,0.01382,0.01413,93906117.9
1572883200000.0,0.01413,0.0145,0.01409,0.0144,43296815.8
1572897600000.0,0.01442,0.01461,0.0142,0.01432,46477490.7
1572912000000.0,0.01428,0.01442,0.01412,0.0143,34726282.2
1572926400000.0,0.01431,0.01431,0.01395,0.01402,20069690.9
1572940800000.0,0.014,0.01467,0.01397,0.01445,53788800.0
1572955200000.0,0.01444,0.01514,0.01438,0.0149,100854188.8
1572969600000.0,0.01498,0.01504,0.01471,0.01487,35300734.1
1572984000000.0,0.01483,0.015,0.01461,0.0147,22881084.1
1572998400000.0,0.01465,0.01486,0.01452,0.01469,18364118.3
1573012800000.0,0.01471,0.0148,0.01447,0.01459,24833385.4
1573027200000.0,0.01457,0.01474,0.01436,0.01446,30571555.3
1573041600000.0,0.01446,0.01449,0.01431,0.01437,21991650.8
1573056000000.0,0.01438,0.01475,0.0143,0.01461,36855925.5
1573070400000.0,0.01464,0.01471,0.01441,0.01447,17621742.6
1573084800000.0,0.01446,0.01452,0.01421,0.01433,19301859.9
1573099200000.0,0.01432,0.01466,0.01432,0.01465,18818186.4
1573113600000.0,0.01466,0.01519,0.01435,0.01463,86584302.1
1573128000000.0,0.01461,0.01491,0.01447,0.01471,34545356.9
1573142400000.0,0.01471,0.01542,0.01469,0.01502,60192063.9
1573156800000.0,0.01503,0.01512,0.01483,0.01512,18319475.2
1573171200000.0,0.01512,0.01546,0.01489,0.01532,34503499.2
1573185600000.0,0.01531,0.0154,0.01491,0.01494,29625582.2
1573200000000.0,0.01495,0.01495,0.0144,0.0145,49600218.9
1573214400000.0,0.01444,0.01464,0.01379,0.01414,72284683.8
1573228800000.0,0.01414,0.01437,0.01408,0.01437,26130403.4
1573243200000.0,0.01437,0.0146,0.01431,0.01432,23869671.3
1573257600000.0,0.01432,0.01448,0.01428,0.01444,7373026.1
1573272000000.0,0.01447,0.0152,0.01444,0.01507,45685596.6
1573286400000.0,0.01506,0.01523,0.0149,0.01492,23632002.1
1573300800000.0,0.01491,0.0152,0.01478,0.01499,66028448.2
1573315200000.0,0.015,0.01504,0.0148,0.0148,9957225.3
1573329600000.0,0.01481,0.01501,0.0148,0.01491,9669623.3
1573344000000.0,0.01489,0.01501,0.01479,0.01485,11375381.0
1573358400000.0,0.01489,0.01543,0.01484,0.0154,24099033.6
1573372800000.0,0.01541,0.016,0.01528,0.01539,48352365.2
1573387200000.0,0.01539,0.01553,0.01512,0.01531,18259538.6
1573401600000.0,0.01533,0.01558,0.01521,0.01546,24795496.2
1573416000000.0,0.0155,0.01585,0.01534,0.01571,31284348.6
1573430400000.0,0.01572,0.01593,0.01554,0.01554,22296260.0
1573444800000.0,0.01553,0.01559,0.01508,0.01534,27574075.7
1573459200000.0,0.01533,0.01534,0.01449,0.01501,69943002.1
1573473600000.0,0.015,0.01534,0.01488,0.01517,46328094.9
1573488000000.0,0.01517,0.01552,0.01513,0.01551,31532873.7
1573502400000.0,0.01549,0.01565,0.01536,0.01541,12331674.0
1573516800000.0,0.01543,0.01551,0.01509,0.01519,16146169.4
1573531200000.0,0.01519,0.01563,0.01511,0.01526,41130677.2
1573545600000.0,0.01526,0.01531,0.01499,0.01509,20992503.8
1573560000000.0,0.01509,0.01518,0.0145,0.01478,68994118.7
1573574400000.0,0.0148,0.01501,0.0148,0.01484,23205781.2
1573588800000.0,0.01486,0.01495,0.01474,0.01487,14138771.7
1573603200000.0,0.01492,0.01495,0.01454,0.01464,9882898.1
1573617600000.0,0.01461,0.01493,0.01461,0.0148,7530118.8
1573632000000.0,0.01478,0.01517,0.01476,0.01499,19079406.7
1573646400000.0,0.01504,0.01515,0.01483,0.01492,18263991.7
1573660800000.0,0.01489,0.0151,0.01479,0.0151,17752708.1
1573675200000.0,0.0151,0.01513,0.01488,0.01493,9680575.5
1573689600000.0,0.01495,0.01502,0.01479,0.01485,4907290.2
1573704000000.0,0.01484,0.01488,0.01463,0.01471,23313750.0
1573718400000.0,0.01471,0.01471,0.0144,0.01458,31570749.2
1573732800000.0,0.01458,0.01465,0.01441,0.0146,12514422.9
1573747200000.0,0.0146,0.0147,0.0145,0.01454,6121623.1
1573761600000.0,0.01454,0.0146,0.01423,0.01443,12205276.4
1573776000000.0,0.01442,0.01443,0.01396,0.01399,26326440.0
1573790400000.0,0.01399,0.01425,0.01397,0.01414,14781304.5
1573804800000.0,0.01413,0.0145,0.01412,0.01443,18415265.6
1573819200000.0,0.01447,0.01447,0.01356,0.01382,38780718.5
1573833600000.0,0.01381,0.01387,0.0137,0.01381,13157589.3
1573848000000.0,0.01379,0.01391,0.01374,0.01381,5571133.0
1573862400000.0,0.01381,0.01406,0.01369,0.01391,18200580.5
1573876800000.0,0.01393,0.01413,0.01384,0.01398,10269827.7
1573891200000.0,0.014,0.01412,0.01379,0.01395,25087755.7
1573905600000.0,0.01395,0.01416,0.01395,0.01415,17117798.4
1573920000000.0,0.01416,0.01427,0.0141,0.0142,10894270.8
1573934400000.0,0.0142,0.01445,0.01412,0.01445,7703388.1
1573948800000.0,0.01445,0.01478,0.01437,0.01443,19197252.8
1573963200000.0,0.01442,0.01442,0.01421,0.01422,9414542.5
1573977600000.0,0.01421,0.01454,0.01403,0.01439,42158466.0
1573992000000.0,0.01436,0.01459,0.01431,0.01438,9910463.4
1574006400000.0,0.01438,0.01442,0.01427,0.01431,8630016.9
1574020800000.0,0.01431,0.01445,0.01422,0.01432,7307335.3
1574035200000.0,0.0143,0.01449,0.01422,0.01431,10221196.2
1574049600000.0,0.01428,0.01439,0.01421,0.01424,2858207.6
1574064000000.0,0.01423,0.0143,0.01396,0.0141,24849959.0
1574078400000.0,0.01411,0.01413,0.0138,0.01383,11999369.0
1574092800000.0,0.01381,0.01402,0.01361,0.01386,15745310.0
1574107200000.0,0.01382,0.01411,0.01382,0.01404,8086832.7
1574121600000.0,0.01404,0.01404,0.01385,0.01385,6941289.6
1574136000000.0,0.01385,0.0139,0.01359,0.01376,18291336.6
1574150400000.0,0.01374,0.01444,0.01373,0.0143,42520280.6
1574164800000.0,0.0143,0.0151,0.01418,0.01507,78447898.2
1574179200000.0,0.01504,0.01505,0.01457,0.01474,44588369.1
1574193600000.0,0.01475,0.01485,0.01458,0.01484,25313923.9
1574208000000.0,0.01485,0.01485,0.01448,0.0147,26718466.6
1574222400000.0,0.0147,0.01488,0.01468,0.01476,21749610.5
1574236800000.0,0.01477,0.01502,0.01459,0.01473,29194270.4
1574251200000.0,0.01471,0.015,0.01469,0.0149,22088950.5
1574265600000.0,0.01494,0.01495,0.01421,0.01427,64309802.2
1574280000000.0,0.01426,0.01449,0.01414,0.01434,25897123.5
1574294400000.0,0.01433,0.01441,0.01415,0.0143,10692986.4
1574308800000.0,0.01431,0.01457,0.01429,0.01441,14479284.2
1574323200000.0,0.01441,0.01445,0.01368,0.0138,44468469.1
1574337600000.0,0.01379,0.01423,0.01332,0.01392,49123007.6
1574352000000.0,0.01391,0.01446,0.01365,0.0143,40719024.6
1574366400000.0,0.0143,0.01438,0.01406,0.01425,16085425.0
1574380800000.0,0.01427,0.0144,0.01403,0.01406,18112265.6
1574395200000.0,0.01407,0.01414,0.01365,0.01405,26365162.1
1574409600000.0,0.01406,0.01428,0.01288,0.01314,105946311.6
1574424000000.0,0.01324,0.01347,0.01215,0.01329,118068348.4
1574438400000.0,0.01336,0.0142,0.01332,0.01404,45753086.1
1574452800000.0,0.01402,0.01424,0.01362,0.01403,34364265.1
1574467200000.0,0.01406,0.01417,0.0137,0.01392,21295409.1
1574481600000.0,0.01392,0.01469,0.01368,0.01449,59171940.3
1574496000000.0,0.01454,0.0169,0.0143,0.01602,208168930.4
1574510400000.0,0.01605,0.01637,0.01562,0.01627,104594221.1
1574524800000.0,0.01627,0.01629,0.01582,0.01591,69449146.9
1574539200000.0,0.01593,0.01684,0.01573,0.01662,66933584.4
1574553600000.0,0.01662,0.01675,0.01599,0.01625,42530992.4
1574568000000.0,0.01622,0.0177,0.01586,0.01747,114797421.8
1574582400000.0,0.01747,0.01748,0.01631,0.0166,144491833.7
1574596800000.0,0.01663,0.0168,0.01585,0.01592,126945312.8
1574611200000.0,0.01591,0.01665,0.01587,0.01625,62524013.2
1574625600000.0,0.01625,0.01626,0.01504,0.01515,83227459.3
1574640000000.0,0.01509,0.01577,0.01485,0.0156,76771735.5
1574654400000.0,0.01565,0.01877,0.01533,0.0181,248083376.3
1574668800000.0,0.01811,0.01988,0.01777,0.01857,216055730.6
1574683200000.0,0.01855,0.01994,0.01855,0.01966,161496212.6
1574697600000.0,0.01964,0.02105,0.0193,0.02007,222249610.6
1574712000000.0,0.02006,0.02166,0.01961,0.02094,140245608.9
1574726400000.0,0.02094,0.02295,0.02075,0.02193,148180646.1
1574740800000.0,0.02194,0.02282,0.01994,0.02044,239848256.8
1574755200000.0,0.02043,0.0227,0.02015,0.02185,177698188.0
1574769600000.0,0.02187,0.02236,0.02077,0.02153,124352054.6
1574784000000.0,0.02156,0.02215,0.02103,0.0221,78347736.4
1574798400000.0,0.02212,0.02254,0.02132,0.02171,89344617.5
1574812800000.0,0.02171,0.02181,0.02094,0.02106,68474038.2
1574827200000.0,0.02106,0.0219,0.02064,0.02154,72506414.2
1574841600000.0,0.02156,0.02262,0.02027,0.02214,189702078.3
1574856000000.0,0.02216,0.025,0.02183,0.02446,241207816.9
1574870400000.0,0.0245,0.0249,0.024,0.0244,109241665.4
1574884800000.0,0.02431,0.02485,0.02368,0.02459,75795180.0
1574899200000.0,0.02458,0.0248,0.02377,0.02385,32236476.3
1574913600000.0,0.02387,0.02535,0.02384,0.02499,70457616.7
1574928000000.0,0.02492,0.0258,0.02462,0.02543,86995244.4
1574942400000.0,0.02543,0.02546,0.02283,0.0233,162330536.6
1574956800000.0,0.0233,0.02348,0.02241,0.023,100039722.5
1574971200000.0,0.02302,0.02337,0.02221,0.02267,53102641.7
1574985600000.0,0.02265,0.02307,0.0225,0.02268,22660529.4
1575000000000.0,0.02274,0.0248,0.02271,0.02443,116283815.2
1575014400000.0,0.02452,0.02517,0.02411,0.02429,52855950.6
1575028800000.0,0.02429,0.02479,0.02378,0.02455,81570174.0
1575043200000.0,0.02458,0.02495,0.02409,0.02468,42608395.6
1575057600000.0,0.02468,0.02483,0.02433,0.02451,19548950.7
1575072000000.0,0.02448,0.0247,0.02411,0.0244,27361780.6
1575086400000.0,0.02441,0.027,0.02431,0.02624,108952448.3
1575100800000.0,0.02616,0.02925,0.02606,0.02847,248535421.1
1575115200000.0,0.02844,0.0296,0.02774,0.02815,158360742.4
1575129600000.0,0.02814,0.0287,0.02728,0.02777,100259423.8
1575144000000.0,0.02777,0.02917,0.02735,0.0289,58526469.4
1575158400000.0,0.02891,0.02894,0.02762,0.02805,94198701.4
1575172800000.0,0.02807,0.02807,0.02693,0.02713,44261581.8
